Open,High,Low,Close,Adj Close,Volume,Date
41.580002,42.900002,41.23,41.880001,37.957035,624700.0,2017-07-12
42.91,42.939999,42.110001,42.73,38.727413,283900.0,2017-07-13
42.700001,43.25,42.650002,42.900002,38.881493,246600.0,2017-07-14
42.98,43.279999,42.799999,43.16,39.117142,360100.0,2017-07-17
43.099998,43.279999,42.700001,43.009998,38.98119,205300.0,2017-07-18
43.119999,43.630001,43.07,43.509998,39.434353,234500.0,2017-07-19
43.369999,44.220001,43.240002,43.970001,39.851261,457600.0,2017-07-20
44.23,44.240002,43.709999,43.950001,39.833134,219600.0,2017-07-21
43.93,43.98,43.310001,43.91,39.796879,242700.0,2017-07-24
44.009998,44.599998,43.810001,44.34,40.186596,209900.0,2017-07-25
44.439999,44.689999,44.25,44.580002,40.404125,210400.0,2017-07-26
44.610001,44.889999,44.02,44.790001,40.594444,236600.0,2017-07-27
44.720001,44.849998,44.459999,44.740002,40.549145,190200.0,2017-07-28
44.849998,44.849998,44.450001,44.619999,40.44038,337500.0,2017-07-31
44.990002,44.990002,44.34,44.75,40.558201,152500.0,2017-08-01
44.790001,45.009998,44.299999,44.490002,40.322552,195700.0,2017-08-02
44.439999,44.830002,44.220001,44.75,40.558201,194100.0,2017-08-03
44.790001,44.900002,44.669998,44.759998,40.567261,323100.0,2017-08-04
44.75,44.869999,44.389999,44.700001,40.512878,165900.0,2017-08-07
44.540001,45.119999,44.240002,44.509998,40.340687,272600.0,2017-08-08
44.380001,44.529999,44.110001,44.259998,40.114098,233800.0,2017-08-09
44.139999,44.18,43.68,43.68,39.588428,263100.0,2017-08-10
43.189999,43.889999,42.98,43.259998,39.20776,240400.0,2017-08-11
43.619999,44.169998,43.57,44.16,40.023464,124300.0,2017-08-14
44.110001,44.16,43.68,43.75,39.651871,82000.0,2017-08-15
43.84,44.139999,43.560001,44.040001,39.914703,213100.0,2017-08-16
43.939999,44.16,43.169998,43.18,39.135265,195100.0,2017-08-17
42.790001,43.150002,42.599998,42.939999,38.917744,165300.0,2017-08-18
42.93,43.169998,42.720001,43.040001,39.008381,105500.0,2017-08-21
43.09,43.860001,43.09,43.77,39.669994,127700.0,2017-08-22
43.450001,43.880001,43.450001,43.720001,39.624672,117200.0,2017-08-23
43.860001,43.959999,43.59,43.779999,39.679054,108700.0,2017-08-24
43.939999,44.200001,43.709999,43.990002,39.869389,182900.0,2017-08-25
44.16,44.459999,43.939999,44.080002,39.950954,124500.0,2017-08-28
43.709999,44.040001,43.689999,43.810001,39.706249,155000.0,2017-08-29
43.830002,43.98,43.580002,43.959999,39.842197,183400.0,2017-08-30
44.02,44.599998,43.900002,44.43,40.268173,145300.0,2017-08-31
44.540001,44.830002,44.41,44.630001,40.44944,132800.0,2017-09-01
44.560001,44.75,43.939999,44.029999,39.90564,162500.0,2017-09-05
44.099998,44.580002,44.07,44.139999,40.005337,224500.0,2017-09-06
40.68,40.869999,37.119999,40.040001,36.289387,1119900.0,2017-09-07
39.34,40.490002,39.200001,40.209999,36.443466,500900.0,2017-09-08
41.75,41.75,40.009998,40.970001,37.132271,553300.0,2017-09-11
41.029999,41.18,40.34,40.529999,36.73349,448500.0,2017-09-12
40.23,40.400002,39.75,40.009998,36.262196,390300.0,2017-09-13
39.970001,39.970001,39.490002,39.759998,36.035618,301700.0,2017-09-14
39.91,39.91,39.220001,39.560001,35.854359,544300.0,2017-09-15
39.619999,39.619999,38.900002,39.169998,35.500877,319500.0,2017-09-18
38.950001,39.200001,38.810001,39.060001,35.401184,388700.0,2017-09-19
39.029999,39.639999,39.029999,39.290001,35.609642,385200.0,2017-09-20
39.439999,39.439999,38.919998,38.93,35.28336,355600.0,2017-09-21
38.939999,39.5,38.939999,39.310001,35.627773,407300.0,2017-09-22
39.310001,39.93,39.310001,39.869999,36.135315,197900.0,2017-09-25
39.990002,40.57,39.77,40.310001,36.534103,254200.0,2017-09-26
40.43,41.41,40.369999,41.150002,37.295422,408200.0,2017-09-27
41.009998,41.650002,40.75,41.540001,37.648891,233400.0,2017-09-28
41.650002,41.740002,41.419998,41.709999,37.802956,250500.0,2017-09-29
41.720001,42.41,41.619999,42.380001,38.410202,351000.0,2017-10-02
42.369999,42.900002,42.27,42.830002,38.81805,377200.0,2017-10-03
42.490002,43.009998,42.459999,43.009998,39.136524,295600.0,2017-10-04
43.0,43.27,42.790001,42.799999,38.945438,350900.0,2017-10-05
42.630001,42.810001,42.439999,42.619999,38.781651,298800.0,2017-10-06
42.57,42.810001,42.380001,42.77,38.91814,351600.0,2017-10-09
43.029999,43.299999,42.77,42.970001,39.100128,271600.0,2017-10-10
42.98,43.200001,42.869999,43.07,39.191128,194800.0,2017-10-11
42.93,43.43,42.82,43.299999,39.40041,422500.0,2017-10-12
43.400002,43.59,43.220001,43.330002,39.4277,209500.0,2017-10-13
42.889999,43.23,42.700001,42.700001,38.854454,176000.0,2017-10-16
42.810001,42.860001,42.360001,42.48,38.654263,167200.0,2017-10-17
42.669998,42.889999,42.540001,42.639999,38.799843,131400.0,2017-10-18
42.470001,42.689999,42.240002,42.52,38.690655,161200.0,2017-10-19
42.77,42.91,42.599998,42.630001,38.79076,201500.0,2017-10-20
42.630001,42.880001,42.310001,42.389999,38.572361,168100.0,2017-10-23
42.419998,42.650002,42.23,42.360001,38.545067,286200.0,2017-10-24
42.25,42.450001,41.860001,42.220001,38.417671,303800.0,2017-10-25
42.439999,42.82,42.290001,42.34,38.526867,222900.0,2017-10-26
42.299999,42.709999,42.18,42.290001,38.481369,222700.0,2017-10-27
42.119999,42.27,41.720001,41.990002,38.208385,200300.0,2017-10-30
42.150002,42.150002,41.73,41.970001,38.190193,515600.0,2017-10-31
42.080002,42.200001,41.0,41.130001,37.425838,226600.0,2017-11-01
40.93,41.23,40.900002,41.099998,37.398548,220400.0,2017-11-02
41.200001,41.380001,40.860001,41.060001,37.362144,123300.0,2017-11-03
41.040001,41.18,40.52,40.630001,36.970863,130100.0,2017-11-06
40.630001,40.849998,40.25,40.439999,36.797985,212000.0,2017-11-07
40.299999,40.470001,39.98,40.200001,36.579597,199000.0,2017-11-08
39.849998,40.259998,39.360001,40.009998,36.406704,180600.0,2017-11-09
39.860001,40.310001,39.759998,40.259998,36.634186,172800.0,2017-11-10
40.119999,40.439999,39.779999,40.169998,36.552292,242100.0,2017-11-13
39.98,40.450001,39.959999,40.119999,36.506798,270600.0,2017-11-14
39.799999,40.279999,39.669998,40.09,36.479504,264000.0,2017-11-15
40.18,40.23,39.830002,40.0,36.397614,369800.0,2017-11-16
39.830002,40.09,39.689999,39.91,36.31572,193400.0,2017-11-17
39.900002,40.290001,39.82,40.080002,36.470406,255800.0,2017-11-20
40.0,40.740002,39.549999,40.68,37.016361,338900.0,2017-11-21
40.869999,41.0,40.799999,40.939999,37.252945,187400.0,2017-11-22
40.959999,41.099998,40.759998,41.09,37.389435,117100.0,2017-11-24
41.099998,41.490002,41.099998,41.209999,37.498619,259000.0,2017-11-27
41.290001,42.41,41.060001,42.110001,38.317581,316200.0,2017-11-28
42.16,42.549999,41.790001,42.200001,38.399479,300300.0,2017-11-29
42.439999,42.860001,42.02,42.799999,38.945438,290400.0,2017-11-30
42.799999,42.959999,41.650002,42.66,38.818047,289800.0,2017-12-01
43.139999,44.650002,43.110001,44.009998,40.046459,354200.0,2017-12-04
43.98,44.049999,42.98,42.990002,39.118336,240900.0,2017-12-05
43.490002,43.900002,42.950001,43.540001,39.61879,196500.0,2017-12-06
43.549999,43.77,43.07,43.330002,39.4277,373400.0,2017-12-07
43.400002,43.639999,42.939999,43.330002,39.4277,177500.0,2017-12-08
43.470001,43.950001,43.290001,43.779999,39.837177,361700.0,2017-12-11
43.880001,44.700001,43.389999,43.830002,39.882679,362200.0,2017-12-12
43.830002,44.380001,43.75,43.75,39.809891,595800.0,2017-12-13
39.619999,39.709999,36.610001,38.18,34.741512,2461400.0,2017-12-14
37.919998,38.27,36.700001,37.360001,33.995365,2559400.0,2017-12-15
37.52,38.279999,37.419998,38.110001,34.677811,940300.0,2017-12-18
38.110001,38.599998,38.02,38.5,35.0327,988700.0,2017-12-19
38.66,38.830002,38.279999,38.549999,35.07819,717000.0,2017-12-20
38.560001,38.68,38.43,38.549999,35.07819,502600.0,2017-12-21
38.560001,38.610001,38.110001,38.23,34.787018,385900.0,2017-12-22
38.110001,38.490002,37.77,38.310001,34.85981,506900.0,2017-12-26
38.189999,38.5,38.040001,38.209999,34.768814,534600.0,2017-12-27
38.240002,38.240002,37.75,37.880001,34.468529,569200.0,2017-12-28
38.009998,38.310001,37.68,37.720001,34.322941,488300.0,2017-12-29
37.860001,38.189999,37.41,37.75,34.350235,653200.0,2018-01-02
37.610001,37.84,37.48,37.720001,34.482796,554800.0,2018-01-03
37.799999,38.5,37.799999,38.330002,35.04044,488600.0,2018-01-04
38.5,39.080002,38.200001,39.02,35.671227,391700.0,2018-01-05
39.02,39.650002,38.779999,39.549999,36.155739,578900.0,2018-01-08
39.619999,39.720001,39.41,39.5,36.110035,425700.0,2018-01-09
39.330002,39.450001,38.709999,38.779999,35.45182,414500.0,2018-01-10
38.790001,38.990002,38.279999,38.959999,35.616379,412900.0,2018-01-11
38.959999,39.16,38.700001,38.869999,35.5341,390300.0,2018-01-12
38.970001,39.16,38.220001,38.470001,35.16843,374100.0,2018-01-16
38.689999,38.889999,38.400002,38.73,35.406116,405300.0,2018-01-17
38.68,39.189999,38.529999,38.619999,35.305553,695000.0,2018-01-18
38.759998,39.82,38.759998,39.77,36.356865,397000.0,2018-01-19
39.799999,39.889999,39.27,39.5,36.110035,369300.0,2018-01-22
39.490002,39.540001,38.799999,39.330002,35.954628,471200.0,2018-01-23
39.419998,40.0,39.099998,39.290001,35.918053,463000.0,2018-01-24
39.48,39.759998,38.77,39.400002,36.018616,453000.0,2018-01-25
39.52,39.759998,38.599998,38.75,35.424393,598600.0,2018-01-26
38.59,39.02,38.509998,38.709999,35.387833,426500.0,2018-01-29
38.459999,38.939999,38.18,38.25,34.967312,352500.0,2018-01-30
38.459999,38.759998,38.009998,38.029999,34.766186,1841400.0,2018-01-31
37.98,38.110001,37.540001,37.73,34.491936,405500.0,2018-02-01
37.34,37.5,36.900002,37.099998,33.916004,444500.0,2018-02-02
36.82,36.970001,34.93,34.959999,31.959656,563600.0,2018-02-05
34.07,35.139999,33.700001,34.73,31.749403,580900.0,2018-02-06
34.66,35.27,34.540001,35.130001,32.115074,299200.0,2018-02-07
35.099998,35.41,34.5,34.549999,31.58485,394000.0,2018-02-08
34.799999,35.169998,34.150002,34.880001,31.886536,527600.0,2018-02-09
34.98,35.700001,34.59,35.450001,32.407612,486800.0,2018-02-12
35.209999,35.490002,34.950001,35.290001,32.261349,337500.0,2018-02-13
35.110001,36.389999,35.110001,36.32,33.202946,385600.0,2018-02-14
36.599998,36.740002,36.310001,36.450001,33.321789,243400.0,2018-02-15
36.299999,37.060001,36.209999,36.619999,33.477203,762900.0,2018-02-16
36.41,36.959999,36.41,36.709999,33.559479,381700.0,2018-02-20
36.93,37.099998,36.209999,36.209999,33.10239,639300.0,2018-02-21
36.34,36.540001,35.990002,36.139999,33.038406,1116500.0,2018-02-22
36.34,36.880001,36.0,36.75,33.596046,417600.0,2018-02-23
36.77,37.130001,36.459999,37.110001,33.925152,431300.0,2018-02-26
36.959999,37.09,35.790001,35.849998,32.773289,570500.0,2018-02-27
35.98,36.0,35.119999,35.16,32.142506,477100.0,2018-02-28
35.029999,35.299999,33.84,34.009998,31.0912,968700.0,2018-03-01
33.810001,34.099998,33.330002,33.849998,30.944931,801800.0,2018-03-02
33.290001,35.169998,33.290001,35.009998,32.005367,827600.0,2018-03-05
35.200001,35.84,35.0,35.669998,32.60873,688300.0,2018-03-06
34.470001,36.93,34.470001,36.290001,33.175533,1117200.0,2018-03-07
36.459999,36.990002,36.34,36.939999,33.769733,420600.0,2018-03-08
37.200001,37.779999,36.82,37.650002,34.418797,440000.0,2018-03-09
37.669998,38.360001,37.669998,38.02,34.757046,655800.0,2018-03-12
38.119999,38.369999,37.470001,37.549999,34.327389,581400.0,2018-03-13
37.779999,37.950001,36.970001,37.119999,33.934292,801000.0,2018-03-14
34.959999,35.599998,34.09,34.610001,31.639706,2477700.0,2018-03-15
34.740002,35.07,34.400002,34.98,31.977953,1296100.0,2018-03-16
34.939999,35.040001,33.950001,34.459999,31.502584,818500.0,2018-03-19
34.48,34.689999,34.200001,34.470001,31.511721,339500.0,2018-03-20
34.349998,34.650002,34.220001,34.439999,31.484291,624600.0,2018-03-21
34.189999,34.639999,33.540001,33.540001,30.661533,644000.0,2018-03-22
33.529999,33.549999,32.459999,32.459999,29.674221,666700.0,2018-03-23
32.939999,33.509998,32.599998,33.299999,30.442125,1054600.0,2018-03-26
33.369999,33.650002,32.630001,32.77,29.957617,699000.0,2018-03-27
32.73,33.52,32.73,33.23,30.378134,784000.0,2018-03-28
33.48,33.860001,33.220001,33.48,30.606682,2581000.0,2018-03-29
33.400002,33.529999,32.349998,32.810001,29.994184,468200.0,2018-04-02
33.099998,33.59,32.830002,33.48,30.606682,828000.0,2018-04-03
32.77,33.419998,32.66,33.380001,30.675608,748100.0,2018-04-04
33.5,33.799999,33.310001,33.540001,30.822643,464700.0,2018-04-05
33.27,33.490002,32.34,32.630001,29.98637,675800.0,2018-04-06
32.77,32.939999,32.080002,32.139999,29.53607,478400.0,2018-04-09
32.5,32.869999,32.349998,32.52,29.885279,411800.0,2018-04-10
32.18,32.73,32.18,32.560001,29.922039,390700.0,2018-04-11
32.720001,32.880001,32.279999,32.299999,29.683105,448900.0,2018-04-12
32.549999,32.700001,32.110001,32.25,29.637157,440600.0,2018-04-13
32.419998,32.529999,32.25,32.459999,29.830145,397300.0,2018-04-16
32.73,32.77,32.34,32.470001,29.839333,503400.0,2018-04-17
32.580002,32.669998,32.41,32.52,29.885279,621500.0,2018-04-18
32.43,32.52,32.009998,32.23,29.61878,343100.0,2018-04-19
32.119999,32.220001,31.719999,31.75,29.177668,518900.0,2018-04-20
31.780001,32.110001,31.700001,31.950001,29.361464,1353000.0,2018-04-23
32.18,32.619999,31.76,31.98,29.389034,617900.0,2018-04-24
31.93,32.169998,31.709999,32.07,29.471741,495100.0,2018-04-25
32.110001,32.130001,31.709999,31.84,29.260372,443800.0,2018-04-26
31.82,32.029999,31.26,31.309999,28.773314,526300.0,2018-04-27
31.42,31.559999,31.07,31.129999,28.607893,1942000.0,2018-04-30
31.040001,31.09,30.26,30.639999,28.157593,856700.0,2018-05-01
30.629999,30.66,30.389999,30.49,28.019749,854900.0,2018-05-02
30.459999,30.610001,30.16,30.25,27.799192,646500.0,2018-05-03
30.16,30.440001,29.870001,30.32,27.863523,760800.0,2018-05-04
30.370001,30.370001,30.09,30.139999,27.698101,730700.0,2018-05-07
30.0,30.49,30.0,30.42,27.955423,1152400.0,2018-05-08
30.559999,30.68,30.379999,30.43,27.964613,434700.0,2018-05-09
30.459999,30.620001,30.209999,30.389999,27.927849,835800.0,2018-05-10
30.360001,30.559999,30.209999,30.41,27.94623,518400.0,2018-05-11
30.5,30.6,30.26,30.290001,27.835951,523600.0,2018-05-14
30.120001,30.469999,30.08,30.24,27.790007,725700.0,2018-05-15
30.23,30.459999,30.110001,30.280001,27.826765,398500.0,2018-05-16
30.290001,30.4,30.0,30.1,27.66135,692600.0,2018-05-17
30.110001,30.209999,29.719999,29.73,27.321321,594000.0,2018-05-18
29.870001,30.059999,29.5,30.02,27.587828,812800.0,2018-05-21
29.84,30.23,29.700001,29.85,27.431601,659800.0,2018-05-22
29.75,29.790001,29.200001,29.379999,26.999678,694200.0,2018-05-23
29.42,29.43,29.030001,29.23,26.861832,1040600.0,2018-05-24
29.120001,29.469999,29.120001,29.23,26.861832,661800.0,2018-05-25
29.049999,29.42,28.540001,28.82,26.485046,1326100.0,2018-05-29
28.959999,29.610001,28.959999,29.15,26.788311,1436200.0,2018-05-30
29.09,29.15,28.26,28.459999,26.154219,1077100.0,2018-05-31
28.639999,28.690001,28.389999,28.49,26.181786,694800.0,2018-06-01
28.610001,28.93,28.25,28.93,26.586138,1380900.0,2018-06-04
28.780001,29.030001,28.17,28.709999,26.383965,870700.0,2018-06-05
28.719999,29.299999,28.540001,29.0,26.650465,1665400.0,2018-06-06
30.049999,32.900002,29.76,32.18,29.572832,2746900.0,2018-06-07
32.080002,32.369999,30.07,30.299999,27.845139,1516100.0,2018-06-08
30.25,31.209999,30.25,30.700001,28.212736,1677500.0,2018-06-11
30.82,31.17,30.48,31.09,28.571136,1269300.0,2018-06-12
31.059999,31.440001,30.940001,31.110001,28.58952,2089200.0,2018-06-13
31.07,31.15,30.610001,31.09,28.571136,980700.0,2018-06-14
30.969999,31.299999,30.719999,31.25,28.718172,990300.0,2018-06-15
30.93,31.16,30.719999,30.950001,28.442478,795900.0,2018-06-18
30.809999,30.879999,30.379999,30.780001,28.286259,646900.0,2018-06-19
31.040001,31.040001,30.290001,30.379999,27.918657,538000.0,2018-06-20
30.34,30.68,30.25,30.459999,27.992182,631500.0,2018-06-21
30.57,30.73,30.190001,30.48,28.010559,2040300.0,2018-06-22
30.32,30.35,29.84,30.129999,27.688915,592900.0,2018-06-25
30.120001,30.33,29.629999,30.23,27.780809,549300.0,2018-06-26
30.18,30.35,29.67,29.67,27.266186,465100.0,2018-06-27
29.65,29.76,29.219999,29.309999,26.935354,376700.0,2018-06-28
29.280001,29.719999,29.16,29.18,26.815882,439300.0,2018-06-29
28.99,29.559999,28.68,29.559999,27.165094,1319200.0,2018-07-02
29.35,29.870001,29.280001,29.559999,27.326874,287300.0,2018-07-03
29.76,30.07,29.459999,30.02,27.752125,804800.0,2018-07-05
30.02,30.309999,29.860001,30.07,27.798347,553700.0,2018-07-06
30.219999,30.74,30.129999,30.719999,28.399242,383700.0,2018-07-09
30.74,31.030001,30.6,30.889999,28.5564,852600.0,2018-07-10
30.780001,30.969999,30.469999,30.77,28.445469,354700.0,2018-07-11
30.889999,31.059999,30.57,31.049999,28.704311,810100.0,2018-07-12
31.0,31.68,31.0,31.379999,29.009384,657700.0,2018-07-13
31.389999,31.4,29.99,30.15,27.872305,1154900.0,2018-07-16
30.030001,30.120001,29.24,29.34,27.123495,944800.0,2018-07-17
29.290001,29.690001,29.09,29.629999,27.391584,399000.0,2018-07-18
29.540001,30.120001,29.309999,30.02,27.752125,456200.0,2018-07-19
30.08,30.120001,29.77,29.940001,27.678173,468000.0,2018-07-20
29.940001,30.0,29.67,29.84,27.585722,378800.0,2018-07-23
29.940001,30.209999,29.65,29.870001,27.613457,376800.0,2018-07-24
29.85,30.379999,29.809999,30.379999,28.084927,490200.0,2018-07-25
30.49,31.110001,30.32,30.799999,28.473202,781600.0,2018-07-26
30.85,31.129999,30.73,30.82,28.49169,526600.0,2018-07-27
30.83,31.08,30.790001,30.860001,28.528662,477700.0,2018-07-30
31.0,31.219999,30.73,31.200001,28.842981,2277500.0,2018-07-31
31.219999,31.75,31.0,31.120001,28.769028,714900.0,2018-08-01
30.98,31.120001,30.709999,31.120001,28.769028,278300.0,2018-08-02
31.110001,31.32,30.98,31.120001,28.769028,406700.0,2018-08-03
31.110001,31.549999,30.91,31.4,29.027872,370400.0,2018-08-06
31.530001,31.77,31.33,31.440001,29.06485,505500.0,2018-08-07
31.5,31.51,31.26,31.379999,29.009384,369100.0,2018-08-08
31.42,31.58,31.15,31.17,28.815248,547900.0,2018-08-09
31.01,31.02,30.700001,30.879999,28.547157,607100.0,2018-08-10
30.870001,30.870001,30.58,30.75,28.426977,406800.0,2018-08-13
30.85,31.4,30.709999,31.190001,28.833736,570600.0,2018-08-14
31.139999,31.34,30.870001,31.15,28.796762,596100.0,2018-08-15
31.32,31.58,31.290001,31.469999,29.092585,380000.0,2018-08-16
31.5,31.860001,31.370001,31.85,29.443874,159900.0,2018-08-17
31.9,32.400002,31.879999,32.290001,29.850637,544900.0,2018-08-20
32.560001,33.439999,32.389999,32.950001,30.460775,574300.0,2018-08-21
32.91,33.200001,32.709999,32.98,30.48851,375600.0,2018-08-22
31.75,32.310001,29.9,30.35,28.057196,1587100.0,2018-08-23
30.27,30.549999,30.049999,30.5,28.195864,599300.0,2018-08-24
30.610001,30.98,30.540001,30.639999,28.325283,351700.0,2018-08-27
30.709999,31.200001,30.709999,31.01,28.667336,570600.0,2018-08-28
31.09,31.65,30.99,31.58,29.194273,372400.0,2018-08-29
31.66,31.959999,31.41,31.620001,29.231256,366000.0,2018-08-30
31.540001,31.76,31.370001,31.719999,29.323698,327700.0,2018-08-31
31.58,31.65,31.16,31.4,29.027872,521500.0,2018-09-04
31.34,32.060001,31.25,31.92,29.508593,480900.0,2018-09-05
31.940001,32.060001,31.540001,31.540001,29.157293,580400.0,2018-09-06
32.950001,35.060001,31.700001,33.75,31.200344,2923800.0,2018-09-07
33.799999,34.650002,33.799999,33.970001,31.403719,1062900.0,2018-09-10
33.799999,33.959999,33.110001,33.939999,31.375988,689300.0,2018-09-11
34.0,34.779999,33.57,34.700001,32.078568,458300.0,2018-09-12
34.790001,34.950001,34.369999,34.41,31.810484,379900.0,2018-09-13
34.360001,34.790001,34.0,34.689999,32.069328,680400.0,2018-09-14
34.59,34.740002,34.32,34.509998,31.902929,422300.0,2018-09-17
34.619999,35.16,34.599998,34.990002,32.346661,610500.0,2018-09-18
34.860001,35.009998,33.619999,33.73,31.181854,942300.0,2018-09-19
33.880001,34.259998,33.689999,33.880001,31.32052,360000.0,2018-09-20
33.869999,34.060001,33.580002,33.759998,31.209587,797500.0,2018-09-21
33.799999,33.799999,32.98,33.200001,30.691895,335400.0,2018-09-24
33.189999,33.490002,33.060001,33.43,30.904516,329100.0,2018-09-25
33.560001,33.689999,32.720001,32.720001,30.248154,489800.0,2018-09-26
32.720001,33.02,32.27,32.299999,29.859879,376700.0,2018-09-27
32.200001,32.439999,32.07,32.25,29.81366,407200.0,2018-09-28
32.439999,32.59,32.080002,32.119999,29.693476,1075600.0,2018-10-01
32.130001,32.869999,31.99,32.43,29.980062,812500.0,2018-10-02
32.34,32.450001,31.790001,31.889999,29.640802,544000.0,2018-10-03
31.74,31.74,31.280001,31.59,29.361963,476200.0,2018-10-04
31.559999,31.91,31.389999,31.85,29.60363,449900.0,2018-10-05
31.83,32.130001,31.709999,32.110001,29.845289,701900.0,2018-10-08
32.09,32.790001,31.940001,32.650002,30.347202,697700.0,2018-10-09
32.59,33.009998,32.349998,32.369999,30.086946,1020000.0,2018-10-10
32.16,32.299999,31.09,31.209999,29.00876,633700.0,2018-10-11
31.57,31.68,30.200001,30.52,28.367432,594000.0,2018-10-12
30.389999,31.540001,30.34,31.299999,29.092413,644500.0,2018-10-15
31.51,32.509998,31.02,32.450001,30.161308,399400.0,2018-10-16
32.290001,32.759998,31.959999,32.580002,30.282143,330600.0,2018-10-17
32.43,32.639999,31.530001,31.860001,29.612923,450400.0,2018-10-18
31.84,32.349998,31.690001,31.799999,29.55715,400200.0,2018-10-19
31.91,32.049999,31.379999,31.6,29.371264,263700.0,2018-10-22
31.25,31.299999,30.639999,30.76,28.590504,371100.0,2018-10-23
30.719999,30.75,29.610001,29.74,27.642443,599900.0,2018-10-24
29.870001,30.440001,29.73,30.15,28.023529,514100.0,2018-10-25
29.780001,30.719999,29.48,30.52,28.367432,704400.0,2018-10-26
30.870001,31.370001,29.91,30.299999,28.162947,676400.0,2018-10-29
30.35,31.09,30.299999,31.059999,28.869345,427300.0,2018-10-30
31.379999,31.43,30.700001,30.75,28.581211,1620400.0,2018-10-31
30.799999,31.99,30.629999,31.780001,29.538563,589000.0,2018-11-01
31.940001,32.16,31.469999,32.009998,29.752342,342400.0,2018-11-02
32.09,32.450001,31.559999,31.59,29.361963,614300.0,2018-11-05
31.6,31.969999,31.4,31.950001,29.696569,369900.0,2018-11-06
32.099998,32.799999,31.58,32.700001,30.393682,283700.0,2018-11-07
32.66,32.939999,32.279999,32.540001,30.244963,215000.0,2018-11-08
32.470001,32.630001,31.700001,31.91,29.659391,377900.0,2018-11-09
31.9,31.91,30.549999,30.620001,28.460375,511600.0,2018-11-12
30.719999,30.860001,29.85,30.07,27.949171,506300.0,2018-11-13
30.370001,30.57,29.719999,30.18,28.051413,465500.0,2018-11-14
29.98,31.18,29.75,30.959999,28.776398,332100.0,2018-11-15
30.75,31.559999,30.530001,31.469999,29.250427,535200.0,2018-11-16
31.33,31.58,30.67,31.32,29.111008,331300.0,2018-11-19
31.02,31.08,29.9,30.0,27.884106,325700.0,2018-11-20
30.17,30.709999,29.889999,30.33,28.190828,275300.0,2018-11-21
30.120001,30.700001,30.120001,30.23,28.097885,131300.0,2018-11-23
30.51,30.74,29.98,30.440001,28.293072,393600.0,2018-11-26
30.139999,30.299999,29.59,30.17,28.042114,474800.0,2018-11-27
30.33,30.99,29.889999,30.66,28.497557,1371200.0,2018-11-28
30.66,31.91,30.66,31.32,29.111008,680600.0,2018-11-29
31.200001,31.799999,31.07,31.68,29.445616,388400.0,2018-11-30
32.060001,32.169998,30.51,31.02,28.832165,399400.0,2018-12-03
30.99,31.299999,29.629999,29.65,27.558788,559600.0,2018-12-04
29.280001,29.459999,28.389999,29.110001,27.056873,684100.0,2018-12-06
29.18,29.559999,28.09,28.200001,26.21106,345500.0,2018-12-07
28.23,28.389999,27.360001,27.57,25.62549,347300.0,2018-12-10
27.84,28.059999,26.65,27.01,25.104988,619100.0,2018-12-11
27.41,27.629999,27.030001,27.290001,25.365244,456000.0,2018-12-12
27.360001,27.389999,26.209999,26.309999,24.454359,463900.0,2018-12-13
26.040001,26.42,25.66,25.9,24.073275,684500.0,2018-12-14
25.959999,26.780001,25.639999,25.940001,24.110456,967900.0,2018-12-17
26.24,27.24,26.209999,27.059999,25.151464,949900.0,2018-12-18
26.5,32.43,26.43,30.780001,28.609091,3126900.0,2018-12-19
30.43,31.49,29.98,31.07,28.878641,1288100.0,2018-12-20
31.040001,31.23,29.98,30.190001,28.060703,1371000.0,2018-12-21
29.9,30.34,28.719999,28.780001,26.750151,381600.0,2018-12-24
29.120001,31.16,28.67,31.1,28.906523,668400.0,2018-12-26
30.68,31.1,29.969999,30.809999,28.636972,744200.0,2018-12-27
31.040001,31.639999,30.67,31.09,28.897224,999800.0,2018-12-28
31.34,32.139999,31.25,32.110001,29.845289,978400.0,2018-12-31
31.51,31.629999,30.66,31.280001,29.237732,1039300.0,2019-01-02
31.219999,31.809999,30.790001,30.950001,28.929272,720600.0,2019-01-03
31.290001,32.009998,31.049999,32.009998,29.920065,1242800.0,2019-01-04
32.119999,33.630001,31.58,33.48,31.29409,881400.0,2019-01-07
34.029999,35.889999,33.860001,34.98,32.696152,1673300.0,2019-01-08
35.189999,35.25,34.290001,34.919998,32.640068,1051100.0,2019-01-09
34.880001,35.259998,34.369999,35.189999,32.892445,494100.0,2019-01-10
34.099998,34.779999,33.509998,34.279999,32.041847,901300.0,2019-01-11
34.0,34.619999,33.700001,34.110001,31.882946,659300.0,2019-01-14
34.009998,34.720001,33.599998,34.549999,32.294224,486600.0,2019-01-15
34.349998,35.09,34.279999,34.970001,32.686802,373700.0,2019-01-16
34.849998,35.27,34.529999,34.959999,32.677464,398100.0,2019-01-17
35.16,36.240002,35.119999,35.98,33.630867,558400.0,2019-01-18
35.799999,36.259998,35.09,35.23,32.929836,490400.0,2019-01-22
35.290001,35.59,34.299999,34.57,32.312923,961000.0,2019-01-23
34.650002,34.650002,33.619999,33.959999,31.742744,469600.0,2019-01-24
34.049999,34.41,34.009998,34.009998,31.789482,708000.0,2019-01-25
33.669998,33.860001,33.150002,33.860001,31.649286,636800.0,2019-01-28
33.860001,33.990002,33.189999,33.349998,31.172577,521500.0,2019-01-29
33.540001,33.540001,32.740002,33.509998,31.32213,621400.0,2019-01-30
33.529999,34.439999,33.27,34.189999,31.957731,2440900.0,2019-01-31
34.360001,34.529999,33.75,34.110001,31.882946,473100.0,2019-02-01
33.959999,34.5,33.900002,34.5,32.247498,295600.0,2019-02-04
34.66,35.259998,34.389999,35.080002,32.789627,471900.0,2019-02-05
35.049999,35.259998,34.470001,34.68,32.415737,320200.0,2019-02-06
34.48,34.849998,34.259998,34.68,32.415737,388100.0,2019-02-07
34.529999,34.75,34.299999,34.610001,32.350319,234500.0,2019-02-08
34.779999,35.299999,34.669998,35.25,32.948528,310400.0,2019-02-11
35.369999,36.450001,35.349998,36.150002,33.789772,402000.0,2019-02-12
36.32,36.41,35.84,36.02,33.668247,304200.0,2019-02-13
36.349998,36.400002,35.849998,35.959999,33.612175,349100.0,2019-02-14
36.259998,36.419998,36.0,36.200001,33.83651,342000.0,2019-02-15
36.049999,36.529999,36.049999,36.349998,33.976711,315300.0,2019-02-19
36.32,36.84,36.130001,36.720001,34.322552,400300.0,2019-02-20
36.720001,36.799999,36.299999,36.68,34.285168,282100.0,2019-02-21
36.77,37.150002,36.630001,36.98,34.565567,424600.0,2019-02-22
37.049999,37.34,36.529999,36.549999,34.163647,422200.0,2019-02-25
36.5,36.689999,36.029999,36.060001,33.705635,369600.0,2019-02-26
36.029999,36.09,35.57,35.73,33.397186,285300.0,2019-02-27
35.75,35.900002,35.529999,35.66,33.331757,695900.0,2019-02-28
36.02,36.310001,35.299999,36.009998,33.658905,483400.0,2019-03-01
36.139999,36.630001,35.610001,35.66,33.331757,532900.0,2019-03-04
35.650002,36.650002,35.650002,36.02,33.668247,489700.0,2019-03-05
36.09,36.650002,35.900002,36.549999,34.163647,797900.0,2019-03-06
36.369999,36.369999,31.809999,33.57,31.378212,1694400.0,2019-03-07
33.310001,33.330002,32.049999,32.689999,30.555668,1436900.0,2019-03-08
32.709999,33.52,31.9,33.5,31.312784,573300.0,2019-03-11
33.59,33.889999,33.200001,33.27,31.097801,474200.0,2019-03-12
33.439999,33.939999,33.130001,33.849998,31.639931,346500.0,2019-03-13
33.860001,34.18,33.560001,33.91,31.696011,332100.0,2019-03-14
33.939999,34.66,33.740002,34.419998,32.172722,1080800.0,2019-03-15
34.48,34.810001,34.18,34.66,32.397049,455500.0,2019-03-18
34.779999,35.169998,34.540001,34.73,32.462475,443900.0,2019-03-19
34.91,35.07,34.209999,34.57,32.312923,481700.0,2019-03-20
34.459999,35.220001,34.459999,34.959999,32.677464,629300.0,2019-03-21
34.66,34.66,33.599998,33.880001,31.667973,816500.0,2019-03-22
33.919998,34.639999,33.66,34.52,32.266186,405500.0,2019-03-25
34.720001,35.07,34.52,34.869999,32.59333,361700.0,2019-03-26
34.709999,35.48,34.549999,35.369999,33.060688,368600.0,2019-03-27
35.450001,36.060001,35.299999,35.93,33.584133,490800.0,2019-03-28
36.0,36.630001,35.900002,36.349998,33.976711,422900.0,2019-03-29
36.470001,37.07,36.169998,36.990002,34.574921,390800.0,2019-04-01
37.029999,37.400002,36.810001,37.380001,34.939461,325900.0,2019-04-02
37.380001,37.43,36.59,36.970001,34.723434,382400.0,2019-04-03
37.040001,37.470001,36.560001,36.830002,34.591942,368600.0,2019-04-04
36.470001,37.189999,36.139999,37.119999,34.864326,425300.0,2019-04-05
36.880001,37.130001,36.669998,37.060001,34.807968,535800.0,2019-04-08
37.02,37.02,36.490002,36.490002,34.272602,235000.0,2019-04-09
36.610001,37.259998,36.549999,37.009998,34.760998,428400.0,2019-04-10
37.029999,37.27,36.93,37.0,34.751617,270400.0,2019-04-11
37.279999,37.439999,36.900002,37.419998,35.146091,227200.0,2019-04-12
37.5,37.669998,37.34,37.490002,35.211838,194700.0,2019-04-15
37.720001,37.77,37.040001,37.16,34.90189,397200.0,2019-04-16
37.400002,37.799999,36.82,36.91,34.66708,352400.0,2019-04-17
36.869999,37.439999,36.759998,37.369999,35.099125,281900.0,2019-04-18
37.279999,37.580002,37.220001,37.5,35.221226,202400.0,2019-04-22
37.52,38.169998,37.450001,37.93,35.625095,294100.0,2019-04-23
37.849998,37.919998,37.48,37.709999,35.418465,219900.0,2019-04-24
37.450001,37.450001,36.82,37.060001,34.807968,233200.0,2019-04-25
37.060001,37.509998,36.77,37.279999,35.014595,257300.0,2019-04-26
37.32,37.889999,37.119999,37.849998,35.549957,211100.0,2019-04-29
37.939999,38.049999,37.290001,37.970001,35.662663,850300.0,2019-04-30
38.080002,38.080002,36.48,36.630001,34.404095,725300.0,2019-05-01
36.549999,37.470001,36.52,37.419998,35.146091,226000.0,2019-05-02
37.610001,38.389999,37.599998,38.360001,36.028969,191900.0,2019-05-03
37.650002,38.580002,37.650002,38.41,36.075928,201400.0,2019-05-06
38.07,38.330002,37.540001,37.959999,35.653271,237100.0,2019-05-07
38.060001,38.34,37.810001,37.93,35.625095,211600.0,2019-05-08
37.68,38.310001,37.32,38.18,35.859909,229200.0,2019-05-09
38.040001,38.360001,37.389999,38.32,35.991398,218800.0,2019-05-10
37.599998,37.599998,37.040001,37.290001,35.023991,211000.0,2019-05-13
37.400002,38.18,37.380001,37.849998,35.549957,162200.0,2019-05-14
37.5,38.200001,37.5,38.009998,35.70023,225300.0,2019-05-15
38.009998,38.599998,37.990002,38.34,36.010181,153500.0,2019-05-16
38.040001,38.450001,37.849998,37.860001,35.559353,181400.0,2019-05-17
37.560001,38.02,37.41,37.470001,35.19305,211500.0,2019-05-20
37.759998,38.060001,37.57,37.869999,35.568741,307600.0,2019-05-21
37.82,38.07,37.740002,38.049999,35.737812,145800.0,2019-05-22
37.630001,37.700001,36.619999,36.919998,34.676468,246200.0,2019-05-23
37.119999,37.400002,36.700001,37.099998,34.845535,184400.0,2019-05-24
37.099998,37.220001,36.509998,36.57,34.347736,346100.0,2019-05-28
36.380001,36.59,36.09,36.529999,34.310177,229400.0,2019-05-29
36.560001,36.919998,36.23,36.610001,34.3853,198800.0,2019-05-30
36.150002,36.380001,35.84,36.25,34.047188,260200.0,2019-05-31
36.290001,36.790001,36.049999,36.330002,34.122326,327500.0,2019-06-03
36.689999,37.709999,36.450001,37.599998,35.315147,415300.0,2019-06-04
37.48,37.650002,36.700001,37.279999,35.014595,584900.0,2019-06-05
39.0,41.34,38.049999,39.779999,37.362679,1020200.0,2019-06-06
39.740002,39.990002,39.0,39.360001,36.968201,532000.0,2019-06-07
39.459999,39.540001,39.0,39.470001,37.071518,665000.0,2019-06-10
39.82,39.830002,38.98,39.619999,37.212399,436700.0,2019-06-11
39.470001,40.290001,39.220001,39.830002,37.409641,469500.0,2019-06-12
40.0,40.16,39.779999,39.810001,37.390858,482800.0,2019-06-13
39.75,40.400002,39.57,39.759998,37.343895,324200.0,2019-06-14
39.990002,40.330002,39.889999,40.0,37.569313,408000.0,2019-06-17
40.389999,40.630001,39.77,39.880001,37.456596,212300.0,2019-06-18
39.880001,40.060001,39.639999,40.0,37.569313,263300.0,2019-06-19
40.0,40.240002,39.779999,40.0,37.569313,283800.0,2019-06-20
39.779999,40.290001,39.419998,39.419998,37.024555,404400.0,2019-06-21
39.470001,39.549999,38.77,38.869999,36.507969,366000.0,2019-06-24
38.990002,39.209999,38.610001,38.990002,36.620682,318200.0,2019-06-25
39.139999,39.279999,38.68,38.93,36.564327,307000.0,2019-06-26
39.110001,39.68,38.91,39.639999,37.231178,302300.0,2019-06-27
39.720001,40.48,39.720001,40.0,37.569313,697600.0,2019-06-28
40.470001,40.560001,39.939999,40.330002,37.879257,370700.0,2019-07-01
40.279999,40.330002,39.599998,39.880001,37.456596,220900.0,2019-07-02
39.889999,40.360001,39.650002,40.220001,37.947216,222700.0,2019-07-03
40.049999,40.779999,39.919998,40.73,38.428402,260500.0,2019-07-05
40.57,40.880001,40.57,40.68,38.381226,263300.0,2019-07-08
40.459999,40.630001,40.209999,40.41,38.126484,156100.0,2019-07-09
40.619999,40.93,40.43,40.59,38.296303,167300.0,2019-07-10
40.650002,40.900002,40.119999,40.810001,38.50388,193400.0,2019-07-11
40.84,41.389999,40.799999,41.189999,38.862404,271900.0,2019-07-12
41.32,41.830002,41.07,41.5,39.154881,342800.0,2019-07-15
41.490002,41.630001,41.189999,41.34,39.003925,395800.0,2019-07-16
41.220001,41.650002,40.990002,41.169998,38.843529,304400.0,2019-07-17
41.540001,41.98,41.16,41.93,39.560577,328000.0,2019-07-18
41.860001,42.209999,41.349998,41.360001,39.0228,287000.0,2019-07-19
41.470001,41.639999,40.950001,41.049999,38.730312,238600.0,2019-07-22
41.23,41.490002,40.849998,41.419998,39.079407,215400.0,2019-07-23
41.279999,41.700001,40.779999,41.580002,39.23037,306600.0,2019-07-24
41.5,41.900002,41.25,41.43,39.088844,401300.0,2019-07-25
41.5,42.18,41.27,42.009998,39.636066,254800.0,2019-07-26
42.0,42.220001,41.560001,41.75,39.390759,362300.0,2019-07-29
41.509998,42.459999,41.09,42.25,39.862507,308800.0,2019-07-30
42.330002,42.580002,41.419998,42.09,39.711544,1595600.0,2019-07-31
42.099998,42.669998,40.93,41.09,38.768055,384200.0,2019-08-01
40.950001,40.970001,40.419998,40.689999,38.390656,193900.0,2019-08-02
39.740002,40.290001,38.950001,39.5,37.267902,405800.0,2019-08-05
39.639999,40.32,39.639999,40.209999,37.937778,353500.0,2019-08-06
39.75,40.119999,39.419998,40.07,37.805698,224100.0,2019-08-07
40.349998,41.150002,40.259998,41.110001,38.786926,183600.0,2019-08-08
40.939999,41.02,40.369999,40.59,38.296303,189100.0,2019-08-09
40.349998,40.360001,39.650002,39.779999,37.532082,183200.0,2019-08-12
39.650002,41.009998,39.650002,39.91,37.654739,233300.0,2019-08-13
39.25,39.299999,38.18,38.400002,36.230068,258000.0,2019-08-14
38.360001,38.360001,37.560001,38.049999,35.899841,320500.0,2019-08-15
38.18,38.849998,38.169998,38.529999,36.352711,212000.0,2019-08-16
38.970001,39.220001,38.68,38.93,36.730114,234400.0,2019-08-19
38.82,38.82,38.09,38.119999,35.965885,404000.0,2019-08-20
38.5,38.869999,38.380001,38.68,36.49424,161500.0,2019-08-21
38.860001,39.16,38.389999,38.459999,36.286671,221800.0,2019-08-22
38.220001,38.470001,36.720001,36.84,34.758209,259700.0,2019-08-23
37.34,37.34,36.700001,37.23,35.126179,845100.0,2019-08-26
37.57,37.619999,36.610001,36.630001,34.560085,253200.0,2019-08-27
36.439999,36.790001,35.98,36.580002,34.512917,304800.0,2019-08-28
37.09,37.400002,36.77,37.150002,35.050697,381800.0,2019-08-29
37.48,37.619999,36.959999,37.259998,35.154476,222500.0,2019-08-30
37.009998,37.139999,36.450001,36.59,34.522346,506700.0,2019-09-03
37.0,37.150002,36.34,36.650002,34.57896,597900.0,2019-09-04
37.09,37.84,37.09,37.369999,35.258266,431600.0,2019-09-05
38.599998,38.91,35.27,35.34,33.342976,515500.0,2019-09-06
35.32,35.32,33.779999,34.939999,32.965588,476700.0,2019-09-09
34.849998,36.27,34.619999,36.040001,34.003426,384000.0,2019-09-10
36.130001,36.580002,35.810001,36.549999,34.4846,283700.0,2019-09-11
36.360001,37.110001,36.27,36.849998,34.767647,388000.0,2019-09-12
36.84,37.5,36.240002,36.299999,34.24873,468600.0,2019-09-13
36.099998,36.860001,36.02,36.650002,34.57896,187700.0,2019-09-16
36.490002,36.970001,36.369999,36.490002,34.427998,182500.0,2019-09-17
36.400002,36.709999,35.919998,36.220001,34.173256,246100.0,2019-09-18
36.400002,36.790001,36.16,36.259998,34.210987,271800.0,2019-09-19
36.279999,36.639999,35.77,35.959999,33.927944,695700.0,2019-09-20
35.709999,36.560001,35.709999,36.23,34.182682,224400.0,2019-09-23
36.259998,36.490002,35.740002,35.880001,33.852467,245900.0,2019-09-24
36.049999,36.669998,35.98,36.509998,34.446869,337400.0,2019-09-25
36.400002,36.82,36.34,36.73,34.654438,251800.0,2019-09-26
36.91,37.0,36.080002,36.360001,34.305344,618500.0,2019-09-27
36.41,36.799999,36.220001,36.32,34.267601,318500.0,2019-09-30
36.549999,36.849998,35.740002,35.82,33.795856,309500.0,2019-10-01
35.200001,35.200001,33.939999,34.049999,32.288132,388100.0,2019-10-02
33.900002,34.189999,33.459999,34.110001,32.34502,265400.0,2019-10-03
34.220001,34.799999,34.040001,34.790001,32.989834,279700.0,2019-10-04
34.630001,34.869999,34.419998,34.509998,32.724331,320400.0,2019-10-07
34.130001,34.560001,33.93,34.299999,32.525196,234200.0,2019-10-08
34.59,34.77,34.209999,34.380001,32.601051,254300.0,2019-10-09
34.43,35.029999,34.369999,35.0,33.188972,232700.0,2019-10-10
35.540001,36.970001,35.48,36.119999,34.251019,506400.0,2019-10-11
35.869999,36.59,35.869999,36.459999,34.573433,258200.0,2019-10-14
36.970001,37.150002,36.43,36.689999,34.791527,317300.0,2019-10-15
36.52,36.93,36.389999,36.790001,34.886349,271200.0,2019-10-16
36.959999,37.220001,36.639999,37.0,35.085487,307800.0,2019-10-17
36.82,37.619999,36.82,37.509998,35.569092,203300.0,2019-10-18
37.919998,38.16,37.48,37.68,35.730301,221100.0,2019-10-21
37.610001,38.139999,37.5,37.939999,35.976841,277900.0,2019-10-22
37.970001,38.110001,37.209999,37.369999,35.43634,243400.0,2019-10-23
37.439999,37.439999,36.380001,36.830002,34.924286,240800.0,2019-10-24
36.740002,37.48,36.5,37.400002,35.46479,331500.0,2019-10-25
37.459999,37.919998,37.459999,37.709999,35.758751,273100.0,2019-10-28
37.560001,38.16,37.330002,37.369999,35.43634,374200.0,2019-10-29
37.32,37.32,36.75,37.049999,35.1329,260100.0,2019-10-30
36.810001,36.939999,36.029999,36.459999,34.573433,1027900.0,2019-10-31
36.73,36.849998,35.77,36.459999,34.573433,283900.0,2019-11-01
36.82,37.119999,36.509998,36.779999,34.876869,270500.0,2019-11-04
36.93,37.34,36.740002,37.330002,35.398415,265600.0,2019-11-05
37.259998,37.349998,36.889999,37.150002,35.227726,253300.0,2019-11-06
37.529999,37.93,36.299999,37.419998,35.483746,217900.0,2019-11-07
37.400002,37.889999,37.189999,37.810001,35.853577,224700.0,2019-11-08
37.57,37.860001,37.25,37.68,35.730301,161700.0,2019-11-11
37.740002,38.709999,37.59,38.310001,36.327705,190600.0,2019-11-12
37.939999,38.150002,37.709999,37.990002,36.024261,200200.0,2019-11-13
37.939999,38.43,37.689999,38.310001,36.327705,138900.0,2019-11-14
38.580002,38.580002,37.75,37.889999,35.929436,199100.0,2019-11-15
37.82,38.5,37.689999,38.389999,36.403561,162400.0,2019-11-18
38.5,38.950001,38.330002,38.759998,36.754417,215600.0,2019-11-19
38.48,39.18,38.48,38.610001,36.612175,250700.0,2019-11-20
38.77,38.779999,37.830002,37.91,35.948402,168500.0,2019-11-21
37.919998,38.0,37.43,37.639999,35.692371,208300.0,2019-11-22
37.93,38.490002,37.639999,38.32,36.337177,327200.0,2019-11-25
38.299999,38.889999,38.279999,38.740002,36.735451,214400.0,2019-11-26
38.959999,39.130001,38.720001,38.84,36.830276,121400.0,2019-11-27
38.720001,38.720001,37.970001,37.990002,36.024261,117800.0,2019-11-29
38.119999,38.259998,37.639999,37.720001,35.76823,257200.0,2019-12-02
37.380001,37.619999,37.040001,37.619999,35.673409,160100.0,2019-12-03
37.82,38.41,37.529999,37.560001,35.616508,239300.0,2019-12-04
37.650002,37.93,37.450001,37.66,35.711338,240000.0,2019-12-05
38.07,38.630001,38.029999,38.139999,36.166504,281700.0,2019-12-06
38.040001,38.34,37.959999,38.16,36.185455,322100.0,2019-12-09
38.23,38.369999,37.91,38.07,36.100121,197200.0,2019-12-10
38.130001,38.389999,38.009998,38.130001,36.157024,185900.0,2019-12-11
38.16,38.52,37.830002,37.950001,35.986328,263600.0,2019-12-12
37.880001,37.970001,36.869999,37.09,35.170826,355000.0,2019-12-13
37.52,37.93,37.380001,37.48,35.540649,443700.0,2019-12-16
37.549999,37.669998,36.849998,37.080002,35.161343,463800.0,2019-12-17
37.259998,37.650002,36.25,37.610001,35.663918,733000.0,2019-12-18
35.540001,39.189999,35.040001,38.959999,36.944065,1099900.0,2019-12-19
39.049999,39.740002,38.580002,38.700001,36.697525,1423900.0,2019-12-20
38.639999,38.650002,37.450001,37.740002,35.787193,520000.0,2019-12-23
37.689999,38.279999,37.400002,38.200001,36.223396,166700.0,2019-12-24
38.209999,38.66,37.950001,38.619999,36.621651,357500.0,2019-12-26
38.759998,38.779999,38.389999,38.5,36.507877,241700.0,2019-12-27
38.5,38.580002,38.200001,38.369999,36.384598,226200.0,2019-12-30
38.119999,38.32,37.540001,37.709999,35.931995,285400.0,2019-12-31
37.889999,38.48,37.84,38.419998,36.608513,358600.0,2020-01-02
37.889999,38.389999,37.889999,38.32,36.513226,299500.0,2020-01-03
37.830002,38.360001,37.669998,38.310001,36.503708,339700.0,2020-01-06
38.369999,38.369999,37.669998,37.990002,36.198795,198400.0,2020-01-07
37.869999,38.669998,37.849998,38.400002,36.589462,326700.0,2020-01-08
38.549999,38.919998,38.419998,38.720001,36.894371,225100.0,2020-01-09
38.700001,38.869999,38.459999,38.66,36.837196,205300.0,2020-01-10
38.630001,39.240002,38.630001,39.220001,37.370804,261500.0,2020-01-13
39.009998,39.529999,38.720001,39.299999,37.447021,287600.0,2020-01-14
39.18,39.669998,39.09,39.279999,37.427963,252000.0,2020-01-15
39.52,40.5,39.509998,40.41,38.504692,341900.0,2020-01-16
40.529999,40.549999,39.43,39.790001,37.913925,334900.0,2020-01-17
39.639999,39.869999,39.380001,39.450001,37.589954,329700.0,2020-01-21
39.77,40.060001,39.68,39.759998,37.885338,246300.0,2020-01-22
39.59,39.59,38.990002,39.299999,37.447021,317300.0,2020-01-23
39.369999,39.450001,38.66,39.040001,37.199287,218700.0,2020-01-24
38.360001,39.48,38.360001,39.049999,37.208817,490800.0,2020-01-27
39.220001,39.650002,39.099998,39.119999,37.275513,192100.0,2020-01-28
39.18,39.43,38.880001,39.02,37.180225,265700.0,2020-01-29
38.700001,39.049999,38.259998,38.880001,37.046833,170500.0,2020-01-30
38.639999,38.900002,37.959999,38.139999,36.341717,1083200.0,2020-01-31
38.34,38.889999,38.18,38.73,36.903904,419400.0,2020-02-03
39.400002,40.18,39.380001,39.849998,37.971088,258600.0,2020-02-04
40.049999,40.709999,40.049999,40.549999,38.638088,222600.0,2020-02-05
40.740002,40.740002,39.419998,39.52,37.656651,216900.0,2020-02-06
39.380001,39.400002,38.389999,38.419998,36.608513,162500.0,2020-02-07
38.310001,38.57,38.029999,38.540001,36.722858,241600.0,2020-02-10
38.740002,39.189999,38.740002,38.98,37.142109,158500.0,2020-02-11
39.349998,39.349998,38.709999,39.189999,37.342213,222100.0,2020-02-12
38.970001,39.299999,38.509998,39.119999,37.275513,171700.0,2020-02-13
39.200001,39.299999,38.740002,38.869999,37.037296,199200.0,2020-02-14
38.810001,39.0,38.240002,38.700001,36.875317,186200.0,2020-02-18
38.720001,39.099998,38.68,38.82,36.989658,209400.0,2020-02-19
38.57,39.209999,38.43,38.990002,37.151646,267500.0,2020-02-20
38.900002,39.099998,38.419998,38.419998,36.608513,828800.0,2020-02-21
37.080002,37.5,36.799999,37.27,35.512745,257000.0,2020-02-24
37.259998,37.259998,35.700001,35.73,34.045345,235100.0,2020-02-25
35.919998,36.490002,35.34,35.84,34.150166,330500.0,2020-02-26
35.220001,36.43,34.639999,35.310001,33.645153,537000.0,2020-02-27
34.240002,34.939999,32.380001,32.919998,31.367836,585600.0,2020-02-28
33.0,34.77,32.599998,34.720001,33.082973,691000.0,2020-03-02
34.919998,35.950001,33.700001,33.939999,32.339752,481600.0,2020-03-03
34.5,35.27,34.290001,35.119999,33.464108,501400.0,2020-03-04
35.5,36.419998,33.950001,35.060001,33.406944,737500.0,2020-03-05
33.830002,34.919998,32.869999,33.900002,32.301628,520500.0,2020-03-06
31.4,32.68,28.0,31.540001,30.052904,363800.0,2020-03-09
32.5,32.5,30.549999,31.92,30.414989,365600.0,2020-03-10
31.030001,31.23,28.780001,29.41,28.023331,344400.0,2020-03-11
27.0,27.0,24.16,24.17,23.030396,608400.0,2020-03-12
25.700001,27.290001,24.66,27.280001,25.993759,613400.0,2020-03-13
24.040001,27.629999,24.0,26.42,25.174311,648400.0,2020-03-16
27.0,29.209999,26.68,28.219999,26.889442,785400.0,2020-03-17
26.549999,28.049999,24.639999,24.719999,23.554462,789700.0,2020-03-18
24.629999,26.02,21.860001,24.059999,22.925585,630200.0,2020-03-19
24.09,24.09,20.84,21.049999,20.057503,979900.0,2020-03-20
21.25,22.6,20.129999,20.450001,19.48579,581800.0,2020-03-23
21.700001,22.709999,19.790001,21.02,20.028913,1118400.0,2020-03-24
21.02,22.26,20.110001,21.01,20.019392,1208900.0,2020-03-25
21.0,22.450001,20.73,22.049999,21.010351,1031800.0,2020-03-26
21.209999,23.620001,21.0,21.99,20.953184,1455700.0,2020-03-27
22.209999,24.219999,21.6,24.17,23.030396,602300.0,2020-03-30
24.360001,25.17,23.85,24.360001,23.211437,853900.0,2020-03-31
23.99,24.120001,22.76,23.360001,22.428926,530100.0,2020-04-01
22.91,24.280001,22.799999,24.24,23.273846,468500.0,2020-04-02
23.860001,24.360001,22.280001,22.780001,21.872042,384300.0,2020-04-03
23.83,26.02,23.65,25.969999,24.934895,622900.0,2020-04-06
26.5,28.17,26.18,26.32,25.270941,930700.0,2020-04-07
26.219999,28.24,25.99,27.85,26.739964,511900.0,2020-04-08
28.4,29.85,27.860001,28.93,27.776917,555900.0,2020-04-09
28.370001,28.809999,27.83,28.690001,27.546482,446400.0,2020-04-13
29.5,31.049999,29.1,30.98,29.745205,810800.0,2020-04-14
29.799999,31.309999,29.58,30.549999,29.332344,933800.0,2020-04-15
30.559999,31.68,30.139999,31.540001,30.282885,722400.0,2020-04-16
32.52,33.349998,31.629999,32.880001,31.569475,767100.0,2020-04-17
32.240002,32.849998,30.59,30.690001,29.466766,543300.0,2020-04-20
29.950001,30.879999,29.629999,30.129999,28.929083,360600.0,2020-04-21
30.790001,31.17,30.209999,30.780001,29.553177,336900.0,2020-04-22
30.719999,31.639999,30.719999,31.15,29.908428,409000.0,2020-04-23
31.33,31.99,30.780001,31.6,30.340494,479700.0,2020-04-24
31.91,33.540001,31.77,33.040001,31.723103,337500.0,2020-04-27
33.799999,34.48,33.349998,34.09,32.731255,421600.0,2020-04-28
35.07,36.5,34.799999,35.950001,34.517113,482200.0,2020-04-29
35.0,35.740002,34.259998,34.490002,33.115303,1435500.0,2020-04-30
33.709999,34.139999,32.700001,33.240002,31.915129,418600.0,2020-05-01
32.720001,33.009998,31.959999,32.360001,31.070204,551200.0,2020-05-04
33.09,33.27,32.189999,32.209999,30.92618,329600.0,2020-05-05
32.040001,32.709999,30.98,31.059999,29.822018,294800.0,2020-05-06
31.58,31.870001,31.4,31.58,30.321291,363900.0,2020-05-07
32.299999,33.57,32.029999,33.5,32.164764,381000.0,2020-05-08
33.029999,33.830002,32.150002,33.700001,32.356792,446200.0,2020-05-11
33.830002,33.830002,32.060001,32.07,30.791758,325200.0,2020-05-12
31.690001,31.74,29.389999,29.66,28.477819,460200.0,2020-05-13
29.08,30.51,28.209999,30.42,29.207529,469500.0,2020-05-14
30.280001,31.6,29.76,31.57,30.311691,609500.0,2020-05-15
32.709999,32.900002,31.65,32.580002,31.281435,415800.0,2020-05-18
32.330002,32.790001,31.790001,31.870001,30.599735,264000.0,2020-05-19
32.52,33.029999,32.150002,32.68,31.377447,258900.0,2020-05-20
32.599998,33.450001,32.57,32.57,31.271833,270200.0,2020-05-21
32.669998,32.740002,32.040001,32.580002,31.281435,201100.0,2020-05-22
33.73,34.57,33.650002,34.16,32.798458,343900.0,2020-05-26
34.330002,34.439999,32.73,33.5,32.164764,484300.0,2020-05-27
33.869999,34.119999,33.25,33.48,32.145565,310600.0,2020-05-28
33.130001,33.419998,30.469999,30.73,29.505169,608600.0,2020-05-29
31.0,33.119999,30.969999,32.23,30.945381,968300.0,2020-06-01
32.630001,32.849998,32.029999,32.16,30.878172,401400.0,2020-06-02
32.779999,33.459999,32.290001,33.34,32.011143,591900.0,2020-06-03
32.950001,34.889999,32.59,34.400002,33.028893,459100.0,2020-06-04
35.790001,36.740002,35.66,36.540001,35.083591,547700.0,2020-06-05
36.720001,37.220001,36.400002,36.75,35.285229,392400.0,2020-06-08
36.200001,36.279999,34.91,35.560001,34.142662,346700.0,2020-06-09
35.380001,35.5,33.700001,33.740002,32.395203,393300.0,2020-06-10
32.299999,32.759998,31.32,31.459999,30.206074,375400.0,2020-06-11
32.759998,33.09,30.83,31.620001,30.359697,421400.0,2020-06-12
30.68,32.610001,30.41,32.43,31.137415,308500.0,2020-06-15
33.799999,34.75,32.759998,34.119999,32.760052,589500.0,2020-06-16
34.099998,34.360001,32.439999,32.529999,31.233425,844000.0,2020-06-17
35.400002,39.450001,35.009998,39.029999,37.47435,2574500.0,2020-06-18
39.43,40.779999,37.82,38.290001,36.763844,1330600.0,2020-06-19
37.880001,39.259998,37.470001,38.990002,37.435947,589800.0,2020-06-22
39.509998,39.57,37.630001,38.009998,36.494999,774100.0,2020-06-23
37.669998,38.0,35.509998,35.57,34.15226,748200.0,2020-06-24
35.48,36.099998,35.02,35.73,34.305878,410700.0,2020-06-25
35.639999,35.68,34.880001,34.970001,33.576168,721100.0,2020-06-26
35.5,36.950001,35.43,36.490002,35.035587,495900.0,2020-06-29
36.360001,36.799999,36.02,36.299999,34.853161,415500.0,2020-06-30
36.18,36.720001,35.689999,35.939999,34.68428,452200.0,2020-07-01
36.5,36.700001,35.259998,35.389999,34.153496,370700.0,2020-07-02
36.060001,36.060001,35.040001,35.57,34.327209,306700.0,2020-07-06
35.209999,35.25,33.799999,33.82,32.638344,502100.0,2020-07-07
33.810001,33.889999,32.540001,32.990002,31.837349,392900.0,2020-07-08
32.889999,32.93,31.360001,31.98,30.862638,495900.0,2020-07-09
32.049999,33.310001,31.98,33.029999,31.87595,399500.0,2020-07-10
33.23,34.32,32.720001,33.709999,32.532188,561200.0,2020-07-13
33.66,34.389999,33.209999,33.900002,32.715553,293900.0,2020-07-14
34.709999,36.09,34.439999,35.84,34.587772,363600.0,2020-07-15
35.57,36.299999,34.790001,35.009998,33.78677,422600.0,2020-07-16
35.16,36.279999,35.0,36.09,34.829041,523400.0,2020-07-17
35.599998,35.82,34.990002,35.18,33.950836,375900.0,2020-07-20
35.369999,36.349998,35.299999,35.799999,34.549164,309600.0,2020-07-21
35.57,35.98,35.150002,35.59,34.346504,344600.0,2020-07-22
35.48,36.09,34.950001,35.139999,33.912228,451800.0,2020-07-23
35.25,35.27,34.310001,34.34,33.140179,324500.0,2020-07-24
34.25,35.490002,34.099998,35.459999,34.221043,566000.0,2020-07-27
35.240002,35.790001,35.189999,35.27,34.037693,391400.0,2020-07-28
35.220001,35.900002,35.169998,35.84,34.587772,416900.0,2020-07-29
35.34,35.77,34.799999,35.200001,33.970139,264300.0,2020-07-30
34.950001,35.950001,34.779999,35.900002,34.645683,1278100.0,2020-07-31
36.32,36.77,35.75,35.810001,34.558819,367200.0,2020-08-03
35.630001,36.490002,35.529999,35.990002,34.732529,242000.0,2020-08-04
36.529999,37.34,36.189999,37.310001,36.006413,450300.0,2020-08-05
37.130001,37.91,37.130001,37.880001,36.556496,247100.0,2020-08-06
37.669998,38.799999,37.669998,38.77,37.415401,244800.0,2020-08-07
38.82,39.849998,38.689999,39.25,37.878624,455200.0,2020-08-10
39.810001,40.209999,38.889999,39.080002,37.714573,398400.0,2020-08-11
39.790001,39.849998,38.389999,38.59,37.241688,328400.0,2020-08-12
38.450001,39.080002,38.080002,38.41,37.067978,233300.0,2020-08-13
38.02,38.48,37.720001,37.84,36.517895,248500.0,2020-08-14
38.02,38.02,37.23,37.290001,35.98711,250200.0,2020-08-17
37.02,37.290001,36.77,37.110001,35.8134,245700.0,2020-08-18
37.169998,37.290001,36.41,36.610001,35.330864,271700.0,2020-08-19
36.18,37.310001,36.07,37.16,35.861656,287700.0,2020-08-20
37.060001,37.490002,36.009998,37.220001,35.919556,710300.0,2020-08-21
37.580002,38.029999,37.060001,37.990002,36.662655,453800.0,2020-08-24
38.240002,38.25,37.330002,37.549999,36.238026,195100.0,2020-08-25
37.459999,37.669998,36.900002,37.330002,36.025715,202800.0,2020-08-26
37.580002,38.09,37.34,37.880001,36.556496,218400.0,2020-08-27
38.150002,38.419998,37.810001,38.330002,36.990776,193700.0,2020-08-28
38.279999,38.5,37.82,38.139999,36.807411,322500.0,2020-08-31
38.0,38.23,37.599998,38.189999,36.855663,156700.0,2020-09-01
38.150002,38.889999,37.990002,38.669998,37.31889,138300.0,2020-09-02
38.470001,39.619999,37.610001,37.759998,36.440689,242600.0,2020-09-03
38.5,38.830002,37.84,38.330002,36.990776,274700.0,2020-09-04
37.91,37.91,36.610001,36.650002,35.369469,313700.0,2020-09-08
37.779999,39.5,36.970001,38.529999,37.183777,718500.0,2020-09-09
38.900002,38.900002,37.09,37.779999,36.459988,458800.0,2020-09-10
37.73,37.73,36.099998,36.139999,34.877293,463100.0,2020-09-11
36.450001,37.150002,36.099998,36.709999,35.427376,284900.0,2020-09-14
36.700001,37.099998,36.459999,37.060001,35.765144,277900.0,2020-09-15
37.009998,37.900002,36.959999,37.529999,36.218723,362900.0,2020-09-16
37.200001,39.119999,36.860001,38.43,37.087284,507800.0,2020-09-17
38.669998,39.349998,38.09,38.57,37.222385,1071900.0,2020-09-18
37.639999,37.759998,36.150002,37.09,35.794098,438000.0,2020-09-21
37.060001,37.75,36.689999,37.5,36.189774,339400.0,2020-09-22
37.5,37.689999,36.16,36.18,34.915894,517100.0,2020-09-23
36.240002,37.240002,35.959999,36.740002,35.456326,340900.0,2020-09-24
36.419998,37.259998,36.419998,36.849998,35.562481,507300.0,2020-09-25
37.279999,37.860001,37.099998,37.459999,36.151173,497200.0,2020-09-28
37.470001,37.580002,36.41,36.919998,35.630035,359500.0,2020-09-29
36.950001,37.470001,36.360001,36.66,35.557293,420000.0,2020-09-30
36.720001,37.049999,36.349998,36.740002,35.634888,280600.0,2020-10-01
36.080002,37.040001,36.080002,36.700001,35.596092,349100.0,2020-10-02
36.900002,37.099998,36.580002,36.830002,35.722179,377400.0,2020-10-05
36.970001,37.779999,36.619999,36.919998,35.809471,740800.0,2020-10-06
37.189999,37.459999,36.740002,37.389999,36.265335,604200.0,2020-10-07
37.59,37.900002,37.139999,37.48,36.352631,316000.0,2020-10-08
37.599998,37.689999,36.73,37.009998,35.896763,277300.0,2020-10-09
36.91,37.310001,36.779999,37.150002,36.032555,313600.0,2020-10-12
36.799999,37.25,36.580002,37.119999,36.003464,230200.0,2020-10-13
37.16,37.759998,36.259998,36.290001,35.198425,193500.0,2020-10-14
35.759998,35.82,34.91,34.98,33.92783,400500.0,2020-10-15
34.84,35.240002,34.509998,34.73,33.685341,322400.0,2020-10-16
34.75,34.970001,33.759998,33.880001,32.860916,298200.0,2020-10-19
34.119999,34.700001,33.860001,34.130001,33.10339,181700.0,2020-10-20
33.990002,34.110001,33.509998,33.73,32.715424,165400.0,2020-10-21
33.84,34.970001,33.610001,34.950001,33.898735,364300.0,2020-10-22
35.049999,35.75,34.919998,35.669998,34.597069,391500.0,2020-10-23
35.259998,35.93,35.009998,35.900002,34.820152,484000.0,2020-10-26
35.939999,36.709999,35.099998,36.389999,35.295414,372000.0,2020-10-27
35.779999,36.16,35.060001,35.189999,34.131508,298600.0,2020-10-28
34.98,35.990002,34.619999,35.41,34.344894,296100.0,2020-10-29
35.200001,35.43,34.279999,34.720001,33.675648,613700.0,2020-10-30
35.209999,35.759998,35.0,35.439999,34.373985,251800.0,2020-11-02
36.189999,36.669998,35.959999,36.470001,35.373013,338500.0,2020-11-03
35.990002,36.82,35.490002,35.84,34.761959,235500.0,2020-11-04
36.02,37.23,36.02,37.220001,36.100456,287700.0,2020-11-05
37.400002,37.450001,36.490002,36.82,35.712479,216200.0,2020-11-06
38.389999,40.599998,38.389999,39.82,38.622238,507400.0,2020-11-09
40.200001,41.32,39.84,40.939999,39.708549,541800.0,2020-11-10
41.060001,41.060001,38.43,39.0,37.826904,344500.0,2020-11-11
38.639999,38.810001,37.34,37.560001,36.430222,303400.0,2020-11-12
37.919998,38.66,37.68,38.490002,37.332256,226100.0,2020-11-13
39.459999,40.119999,38.98,39.669998,38.476746,464600.0,2020-11-16
39.360001,39.73,38.400002,38.799999,37.632919,334700.0,2020-11-17
38.91,39.150002,38.369999,38.380001,37.225555,192100.0,2020-11-18
38.18,38.360001,37.529999,38.25,37.099468,204700.0,2020-11-19
38.080002,38.509998,37.650002,38.25,37.099468,395500.0,2020-11-20
38.73,39.389999,38.360001,39.18,38.001499,213900.0,2020-11-23
39.759998,41.169998,39.130001,41.110001,39.87344,508800.0,2020-11-24
40.810001,41.080002,39.970001,40.259998,39.049004,353200.0,2020-11-25
40.18,40.18,39.380001,39.959999,38.758034,103100.0,2020-11-27
39.630001,39.650002,38.419998,38.5,37.341946,252600.0,2020-11-30
39.099998,39.439999,38.279999,38.950001,37.778412,301700.0,2020-12-01
39.139999,39.189999,38.349998,38.439999,37.283749,290000.0,2020-12-02
38.529999,39.459999,38.18,38.919998,37.74931,194700.0,2020-12-03
38.939999,39.619999,38.939999,39.619999,38.428257,291700.0,2020-12-04
39.59,39.919998,39.240002,39.470001,38.282768,304800.0,2020-12-07
39.0,40.610001,39.0,40.540001,39.320587,458900.0,2020-12-08
41.0,41.790001,40.389999,40.650002,39.42728,398900.0,2020-12-09
40.279999,40.970001,40.07,40.830002,39.601868,264800.0,2020-12-10
40.599998,40.990002,40.119999,40.220001,39.010212,151900.0,2020-12-11
40.540001,40.939999,39.75,39.869999,38.670738,248000.0,2020-12-14
40.029999,41.27,39.860001,41.099998,39.863739,412400.0,2020-12-15
41.110001,41.189999,40.139999,40.34,39.126598,354000.0,2020-12-16
38.799999,40.959999,38.0,40.610001,39.388481,827000.0,2020-12-17
40.77,41.549999,39.669998,39.93,38.728939,1003600.0,2020-12-18
39.099998,39.279999,37.380001,38.700001,37.535934,626700.0,2020-12-21
38.650002,39.34,38.259998,38.439999,37.283749,332800.0,2020-12-22
38.82,38.82,37.970001,38.200001,37.050972,324400.0,2020-12-23
38.139999,38.330002,37.52,37.709999,36.575703,127500.0,2020-12-24
38.07,38.790001,38.07,38.450001,37.293457,228900.0,2020-12-28
38.639999,38.830002,37.560001,37.720001,36.585411,198600.0,2020-12-29
37.84,38.18,37.639999,37.740002,36.604813,207200.0,2020-12-30
37.630001,38.07,37.450001,37.84,36.701801,255000.0,2020-12-31
37.98,38.139999,36.700001,36.919998,35.809471,406700.0,2021-01-04
36.939999,38.529999,36.939999,38.189999,37.041271,328300.0,2021-01-05
38.439999,41.669998,38.220001,41.110001,40.072803,499500.0,2021-01-06
41.150002,41.310001,40.389999,41.130001,40.092304,244800.0,2021-01-07
41.07,41.09,40.139999,40.75,39.721889,287300.0,2021-01-08
40.169998,40.810001,40.169998,40.709999,39.682896,211600.0,2021-01-11
40.91,41.880001,40.52,41.630001,40.579689,207000.0,2021-01-12
41.23,42.220001,40.93,41.73,40.677166,332200.0,2021-01-13
41.880001,42.950001,41.580002,42.049999,40.98909,317300.0,2021-01-14
41.59,41.75,40.68,41.189999,40.150791,361300.0,2021-01-15
41.529999,41.540001,39.639999,39.720001,38.71788,383800.0,2021-01-19
39.669998,39.84,38.830002,39.43,38.435196,344300.0,2021-01-20
39.48,39.889999,38.619999,39.110001,38.123264,411300.0,2021-01-21
38.560001,39.73,38.310001,39.689999,38.688633,307300.0,2021-01-22
39.360001,40.240002,39.080002,39.560001,38.56192,339500.0,2021-01-25
40.07,40.400002,39.740002,40.110001,39.098034,240400.0,2021-01-26
39.32,40.080002,38.75,39.560001,38.56192,316600.0,2021-01-27
40.16,40.400002,38.349998,38.450001,37.479919,657900.0,2021-01-28
38.459999,38.459999,36.529999,36.740002,35.813061,885800.0,2021-01-29
37.049999,38.400002,36.310001,38.299999,37.333702,471400.0,2021-02-01
38.900002,38.900002,38.0,38.59,37.616386,224500.0,2021-02-02
38.360001,38.799999,37.580002,38.709999,37.73336,248800.0,2021-02-03
38.790001,39.43,38.490002,39.299999,38.308472,207200.0,2021-02-04
39.610001,39.75,39.009998,39.43,38.435196,208300.0,2021-02-05
39.630001,41.029999,39.450001,41.029999,39.994827,272300.0,2021-02-08
41.25,42.150002,41.130001,41.759998,40.706409,242100.0,2021-02-09
41.970001,41.970001,40.970001,41.450001,40.404232,199100.0,2021-02-10
41.75,42.459999,40.32,40.73,39.702393,294400.0,2021-02-11
40.5,41.919998,40.5,41.240002,40.199528,364800.0,2021-02-12
41.41,41.509998,40.82,41.380001,40.335999,327400.0,2021-02-16
41.029999,42.189999,40.98,41.82,40.764893,168800.0,2021-02-17
41.73,42.790001,41.509998,42.220001,41.154808,269600.0,2021-02-18
42.48,43.049999,41.98,42.580002,41.505722,203900.0,2021-02-19
42.48,43.630001,42.189999,43.369999,42.275787,262500.0,2021-02-22
43.32,44.68,43.009998,43.73,42.626713,279100.0,2021-02-23
44.02,45.0,43.98,44.849998,43.718449,197700.0,2021-02-24
44.900002,45.240002,43.490002,43.560001,42.460995,201000.0,2021-02-25
43.5,44.209999,42.950001,43.18,42.090584,262000.0,2021-02-26
44.060001,44.450001,43.68,44.029999,42.91914,186200.0,2021-03-01
43.860001,43.880001,43.130001,43.330002,42.236801,180600.0,2021-03-02
43.549999,45.439999,43.419998,44.5,43.377281,438800.0,2021-03-03
44.529999,45.09,43.959999,44.439999,43.31879,348400.0,2021-03-04
45.259998,46.5,44.740002,46.220001,45.053883,306900.0,2021-03-05
46.68,48.389999,46.669998,47.779999,46.574528,211900.0,2021-03-08
48.049999,48.459999,47.09,47.34,46.14563,259100.0,2021-03-09
51.200001,55.48,49.970001,50.73,49.450096,1410900.0,2021-03-10
50.73,51.959999,49.75,51.540001,50.239662,472400.0,2021-03-11
50.450001,52.330002,50.450001,51.939999,50.62957,615300.0,2021-03-12
52.32,52.52,51.259998,52.0,50.688057,449800.0,2021-03-15
51.529999,51.959999,50.599998,51.41,50.112942,263700.0,2021-03-16
51.25,51.389999,49.91,50.259998,48.991951,333700.0,2021-03-17
50.299999,51.860001,50.119999,50.259998,48.991951,431100.0,2021-03-18
50.209999,50.700001,48.650002,50.389999,49.118675,1008400.0,2021-03-19
50.540001,50.990002,49.119999,49.700001,48.446083,260600.0,2021-03-22
49.16,50.169998,49.060001,49.23,47.987942,701800.0,2021-03-23
49.869999,50.330002,49.490002,49.959999,48.69952,566600.0,2021-03-24
49.57,50.48,48.77,49.98,48.719025,325900.0,2021-03-25
50.5,52.52,50.18,52.490002,51.165695,538500.0,2021-03-26
52.169998,53.279999,50.02,50.09,48.826244,534200.0,2021-03-29
50.279999,51.259998,49.82,51.169998,49.878998,466700.0,2021-03-30
50.91,51.650002,50.610001,51.009998,49.908352,508000.0,2021-03-31
51.07,51.43,50.389999,50.869999,49.771374,378300.0,2021-04-01
51.310001,52.049999,50.93,51.919998,50.798695,426900.0,2021-04-05
52.0,52.700001,51.509998,51.880001,50.759563,281300.0,2021-04-06
51.900002,51.900002,50.779999,51.119999,50.015976,331400.0,2021-04-07
51.23,52.09,50.540001,52.009998,50.886753,571200.0,2021-04-08
51.900002,53.330002,51.66,53.299999,52.148891,428700.0,2021-04-09
53.529999,54.029999,52.98,53.029999,51.884724,426000.0,2021-04-12
52.650002,53.009998,51.959999,52.689999,51.552071,298100.0,2021-04-13
52.650002,53.900002,52.650002,53.400002,52.246735,390200.0,2021-04-14
53.529999,53.529999,52.77,53.279999,52.129322,310800.0,2021-04-15
53.84,54.009998,53.110001,53.439999,52.28587,398900.0,2021-04-16
53.360001,53.360001,52.189999,52.580002,51.444447,208500.0,2021-04-19
52.34,52.52,50.84,51.41,50.299713,438800.0,2021-04-20
51.619999,52.09,51.279999,51.82,50.700855,543200.0,2021-04-21
52.529999,53.82,52.299999,52.98,51.835804,471700.0,2021-04-22
53.049999,53.869999,53.0,53.52,52.364143,352600.0,2021-04-23
53.799999,54.459999,53.130001,53.23,52.080402,380500.0,2021-04-26
53.290001,53.5,52.57,52.68,51.542286,341200.0,2021-04-27
52.810001,52.810001,52.25,52.400002,51.268333,351400.0,2021-04-28
52.75,53.299999,52.5,52.919998,51.7771,326600.0,2021-04-29
52.369999,52.68,51.27,51.41,50.299713,1988100.0,2021-04-30
52.110001,53.93,51.75,53.48,52.325005,735500.0,2021-05-03
53.279999,53.75,52.279999,52.82,51.679264,465000.0,2021-05-04
53.07,53.07,51.889999,52.43,51.297684,384300.0,2021-05-05
52.459999,52.740002,51.700001,52.279999,51.150925,352400.0,2021-05-06
51.990002,52.860001,51.860001,52.810001,51.669479,241900.0,2021-05-07
52.77,53.380001,52.349998,52.360001,51.229195,376200.0,2021-05-10
51.5,52.32,50.939999,51.880001,50.759563,340500.0,2021-05-11
51.5,51.939999,50.52,50.59,49.497417,333100.0,2021-05-12
50.68,52.860001,50.68,52.560001,51.424877,253200.0,2021-05-13
52.889999,53.52,52.610001,53.450001,52.295658,261500.0,2021-05-14
53.060001,53.470001,52.459999,52.880001,51.737968,202700.0,2021-05-17
52.610001,52.700001,51.220001,51.310001,50.201874,257100.0,2021-05-18
50.619999,50.720001,50.07,50.650002,49.556129,584500.0,2021-05-19
50.82,51.080002,49.490002,49.810001,48.734268,304000.0,2021-05-20
49.990002,50.290001,49.419998,49.490002,48.421181,422200.0,2021-05-21
49.990002,50.049999,49.470001,49.580002,48.509235,395700.0,2021-05-24
49.619999,50.029999,49.16,49.259998,48.19614,472700.0,2021-05-25
49.290001,49.810001,49.27,49.740002,48.665783,304000.0,2021-05-26
50.259998,50.540001,49.939999,50.009998,48.929951,305800.0,2021-05-27
50.200001,50.200001,49.259998,49.889999,48.812538,200400.0,2021-05-28
50.290001,50.669998,49.779999,50.66,49.56591,337900.0,2021-06-01
50.689999,51.0,48.939999,49.209999,48.147224,341900.0,2021-06-02
49.040001,49.41,48.290001,49.360001,48.293987,221200.0,2021-06-03
49.509998,49.759998,49.200001,49.66,48.587505,254300.0,2021-06-04
49.68,49.790001,48.34,48.560001,47.511265,571100.0,2021-06-07
48.98,49.189999,48.549999,48.93,47.873268,527300.0,2021-06-08
48.099998,49.360001,48.0,48.540001,47.491695,497900.0,2021-06-09
49.16,49.16,47.580002,47.619999,46.591564,348400.0,2021-06-10
47.860001,48.5,47.810001,48.470001,47.423206,244700.0,2021-06-11
48.470001,48.470001,47.200001,47.759998,46.728539,303200.0,2021-06-14
47.880001,48.0,47.48,48.0,46.96336,402900.0,2021-06-15
47.939999,47.939999,46.630001,46.75,45.740356,343700.0,2021-06-16
46.689999,46.689999,45.43,45.599998,44.615192,413900.0,2021-06-17
45.080002,45.330002,44.610001,44.779999,43.812893,697900.0,2021-06-18
45.150002,45.98,45.150002,45.57,44.585838,663300.0,2021-06-21
45.450001,45.450001,44.57,45.330002,44.351025,275400.0,2021-06-22
45.18,45.549999,44.779999,45.110001,44.135777,260800.0,2021-06-23
45.290001,45.290001,44.52,45.169998,44.194477,309500.0,2021-06-24
45.130001,45.900002,44.91,45.02,44.04771,951600.0,2021-06-25
44.970001,44.970001,44.009998,44.580002,43.617218,350100.0,2021-06-28
44.580002,45.349998,43.98,44.080002,43.128017,517700.0,2021-06-29
43.889999,44.48,43.849998,44.349998,43.580029,619500.0,2021-06-30
44.91,45.060001,44.52,44.59,43.815865,394900.0,2021-07-01
44.529999,44.700001,43.689999,44.23,43.462112,596200.0,2021-07-02
44.25,44.32,42.639999,43.400002,42.646523,527000.0,2021-07-06
43.189999,43.57,42.549999,42.900002,42.155205,603200.0,2021-07-07
42.34,42.84,41.959999,42.57,41.830936,562400.0,2021-07-08
42.959999,43.689999,42.880001,43.099998,42.35173,350200.0,2021-07-09
42.66,44.299999,42.619999,44.240002,43.471939,482400.0,2021-07-12
44.0,44.360001,43.799999,44.099998,43.334366,549700.0,2021-07-13
44.459999,45.32,44.150002,45.060001,44.27771,754900.0,2021-07-14
44.900002,46.75,44.900002,46.57,45.76149,960800.0,2021-07-15
46.91,47.07,46.240002,46.419998,45.614094,970800.0,2021-07-16
45.57,45.619999,44.169998,44.610001,43.835518,951900.0,2021-07-19
44.720001,46.66,44.720001,46.080002,45.280003,456800.0,2021-07-20
46.299999,46.799999,45.450001,45.709999,44.91642,393200.0,2021-07-21
45.41,45.650002,45.080002,45.380001,44.592148,422900.0,2021-07-22
45.5,46.07,45.18,45.91,45.112949,368900.0,2021-07-23
46.349998,46.860001,45.639999,46.16,45.358604,421900.0,2021-07-26
45.68,46.139999,45.41,45.740002,44.945904,293600.0,2021-07-27
46.040001,47.02,45.619999,46.5,45.692703,306500.0,2021-07-28
47.09,47.59,46.82,47.02,46.203678,343900.0,2021-07-29
46.82,47.599998,46.27,46.490002,45.68288,1849100.0,2021-07-30
46.669998,47.549999,45.220001,45.310001,44.523365,592700.0,2021-08-02
45.549999,47.27,45.029999,47.189999,46.370724,662600.0,2021-08-03
46.700001,47.279999,46.52,46.68,45.869579,483300.0,2021-08-04
46.990002,47.0,46.439999,46.700001,45.889233,409300.0,2021-08-05
47.09,47.490002,46.82,47.0,46.184025,214300.0,2021-08-06
46.810001,46.91,46.310001,46.759998,45.948189,186300.0,2021-08-09
46.549999,47.220001,46.299999,47.130001,46.311771,183800.0,2021-08-10
47.290001,47.93,47.0,47.919998,47.088051,199600.0,2021-08-11
47.990002,47.990002,47.150002,47.360001,46.537777,241700.0,2021-08-12
47.259998,47.799999,46.900002,47.529999,46.704819,313200.0,2021-08-13
47.439999,47.439999,46.810001,47.189999,46.370724,191800.0,2021-08-16
46.740002,47.610001,46.450001,47.439999,46.616386,985200.0,2021-08-17
47.450001,48.009998,46.830002,46.849998,46.036625,273600.0,2021-08-18
46.490002,47.700001,46.490002,47.599998,46.773609,391200.0,2021-08-19
47.650002,48.709999,47.419998,48.360001,47.520412,484600.0,2021-08-20
48.529999,48.77,48.189999,48.509998,47.667805,372000.0,2021-08-23
48.919998,49.02,48.18,48.380001,47.540066,279600.0,2021-08-24
48.450001,48.900002,48.189999,48.669998,47.825031,230000.0,2021-08-25
48.970001,50.709999,48.970001,49.07,48.218086,426800.0,2021-08-26
49.200001,50.0,49.029999,49.740002,48.876453,506300.0,2021-08-27
49.860001,49.970001,49.110001,49.139999,48.286873,252800.0,2021-08-30
49.09,49.650002,48.939999,49.52,48.660275,731900.0,2021-08-31
49.720001,49.959999,48.240002,48.759998,47.913467,348500.0,2021-09-01
48.869999,49.110001,48.110001,48.869999,48.021553,347000.0,2021-09-02
48.700001,49.029999,48.419998,48.860001,48.011734,389300.0,2021-09-03
48.799999,48.830002,47.18,47.220001,46.400204,384700.0,2021-09-07
47.16,47.509998,46.799999,47.25,46.429684,509100.0,2021-09-08
45.52,47.990002,45.290001,45.900002,45.103123,867400.0,2021-09-09
46.169998,47.369999,45.84,46.200001,45.397915,504200.0,2021-09-10
46.43,46.869999,45.860001,46.259998,45.456871,465800.0,2021-09-13
46.380001,46.380001,45.419998,45.959999,45.162079,374600.0,2021-09-14
46.18,46.529999,45.48,46.490002,45.68288,354400.0,2021-09-15
46.639999,46.919998,45.66,45.91,45.112949,516600.0,2021-09-16
45.790001,45.91,44.709999,45.080002,44.297363,1195100.0,2021-09-17
44.32,45.060001,43.599998,44.540001,43.766735,521600.0,2021-09-20
44.599998,44.889999,43.849998,44.060001,43.295071,210800.0,2021-09-21
44.330002,44.82,44.32,44.439999,43.668465,200200.0,2021-09-22
44.599998,45.5,44.450001,44.91,44.13031,169400.0,2021-09-23
44.68,45.130001,44.509998,44.810001,44.032043,190000.0,2021-09-24
45.029999,46.049999,45.029999,45.41,44.621628,219000.0,2021-09-27
45.240002,45.490002,44.810001,44.93,44.149963,173800.0,2021-09-28
45.02,45.669998,44.75,45.580002,44.788677,185900.0,2021-09-29
45.740002,46.200001,44.560001,45.009998,44.228573,364200.0,2021-09-30
45.439999,47.09,44.919998,46.950001,46.134895,459600.0,2021-10-01
47.110001,47.549999,46.560001,46.810001,45.997322,286900.0,2021-10-04
46.75,47.560001,46.119999,47.41,46.586906,389300.0,2021-10-05
46.490002,47.02,45.200001,46.0,45.383263,223000.0,2021-10-06
46.25,46.830002,46.18,46.34,45.718704,255900.0,2021-10-07
46.32,46.549999,46.169998,46.310001,45.68911,116400.0,2021-10-08
46.25,46.75,45.560001,45.580002,44.968891,205500.0,2021-10-11
45.529999,45.889999,45.220001,45.310001,44.702515,156100.0,2021-10-12
45.360001,45.389999,44.470001,45.09,44.485466,236900.0,2021-10-13
45.459999,46.200001,45.080002,46.0,45.383263,221000.0,2021-10-14
46.759998,46.919998,44.990002,45.139999,44.53479,289100.0,2021-10-15
44.939999,45.27,44.5,44.84,44.238815,238600.0,2021-10-18
45.09,45.27,44.450001,45.119999,44.515057,295500.0,2021-10-19
45.130001,45.540001,44.709999,45.009998,44.406536,201600.0,2021-10-20
44.93,45.279999,44.560001,45.110001,44.505196,271500.0,2021-10-21
45.139999,45.25,44.48,44.52,43.923107,199800.0,2021-10-22
44.599998,45.919998,44.34,45.369999,44.761707,397400.0,2021-10-25
45.490002,45.490002,43.830002,43.880001,43.291687,256800.0,2021-10-26
43.810001,43.860001,42.939999,43.099998,42.522141,280000.0,2021-10-27
43.23,44.080002,43.23,43.810001,43.222626,240400.0,2021-10-28
43.84,44.369999,43.650002,44.009998,43.419937,468500.0,2021-10-29
44.150002,45.990002,44.150002,45.5,44.889965,318000.0,2021-11-01
45.380001,45.849998,45.139999,45.279999,44.672916,205100.0,2021-11-02
44.98,45.990002,44.959999,45.66,45.047821,343000.0,2021-11-03
45.860001,46.5,45.689999,46.310001,45.68911,261600.0,2021-11-04
46.84,48.610001,46.639999,48.0,47.356449,466300.0,2021-11-05
48.41,48.720001,47.720001,47.779999,47.139397,358600.0,2021-11-08
47.779999,48.169998,47.549999,47.66,47.021008,195900.0,2021-11-09
47.619999,48.27,47.52,48.110001,47.46497,168300.0,2021-11-10
48.220001,48.779999,48.0,48.57,47.9188,279900.0,2021-11-11
48.759998,48.759998,48.310001,48.549999,47.899075,181200.0,2021-11-12
48.779999,49.040001,48.470001,48.869999,48.214779,286900.0,2021-11-15
48.790001,49.139999,48.439999,48.799999,48.145721,377400.0,2021-11-16
48.549999,48.549999,47.630001,47.700001,47.060471,348200.0,2021-11-17
47.799999,47.799999,46.860001,46.91,46.281059,251900.0,2021-11-18
46.490002,47.880001,46.450001,47.380001,46.744759,393300.0,2021-11-19
47.66,48.869999,47.650002,48.580002,47.928673,320300.0,2021-11-22
48.509998,49.099998,48.5,48.830002,48.175323,243700.0,2021-11-23
48.630001,49.150002,48.23,48.290001,47.642559,164800.0,2021-11-24
46.93,47.52,45.950001,46.529999,45.906155,218900.0,2021-11-26
47.130001,47.130001,46.259998,46.380001,45.758167,226700.0,2021-11-29
46.0,46.240002,44.66,45.0,44.396671,391900.0,2021-11-30
46.150002,46.490002,43.830002,43.830002,43.242359,337900.0,2021-12-01
44.290001,45.82,44.290001,45.310001,44.702515,569100.0,2021-12-02
45.529999,45.610001,43.990002,44.73,44.130291,461700.0,2021-12-03
45.459999,46.849998,45.27,46.349998,45.728565,400400.0,2021-12-06
46.669998,46.790001,45.580002,45.720001,45.107014,383200.0,2021-12-07
45.740002,46.169998,45.650002,45.93,45.314201,392200.0,2021-12-08
45.650002,46.009998,44.970001,45.380001,44.771576,382700.0,2021-12-09
45.560001,45.900002,45.220001,45.580002,44.968891,279400.0,2021-12-10
45.73,46.060001,45.310001,45.759998,45.146481,337200.0,2021-12-13
45.52,46.700001,45.349998,45.939999,45.324066,555900.0,2021-12-14
45.970001,46.860001,39.290001,40.880001,40.331909,1539200.0,2021-12-15
40.419998,42.060001,39.880001,41.25,40.696945,913000.0,2021-12-16
40.950001,41.150002,40.049999,40.259998,39.720219,1185100.0,2021-12-17
39.799999,40.119999,38.439999,38.939999,38.417919,647400.0,2021-12-20
39.200001,40.459999,39.200001,40.41,39.86821,408300.0,2021-12-21
40.330002,40.919998,39.82,40.889999,40.341774,438600.0,2021-12-22
41.0,42.16,41.0,41.529999,40.973194,417000.0,2021-12-23
41.41,41.720001,41.119999,41.380001,40.825203,287500.0,2021-12-27
41.169998,41.790001,41.049999,41.080002,40.529232,357800.0,2021-12-28
40.900002,41.310001,40.52,40.59,40.045795,226100.0,2021-12-29
40.619999,41.16,40.490002,40.540001,39.996464,245800.0,2021-12-30
40.59,41.259998,40.459999,40.849998,40.302307,275700.0,2021-12-31
40.889999,41.48,40.419998,40.880001,40.331909,585500.0,2022-01-03
41.119999,42.290001,41.119999,41.849998,41.288898,454200.0,2022-01-04
41.849998,43.119999,41.470001,42.759998,42.384186,547400.0,2022-01-05
42.860001,43.75,42.369999,42.470001,42.096741,477900.0,2022-01-06
42.400002,43.560001,42.400002,42.880001,42.503139,575500.0,2022-01-07
42.880001,43.5,42.369999,43.279999,42.89962,524900.0,2022-01-10
43.360001,43.529999,42.43,43.07,42.691463,596500.0,2022-01-11
42.970001,44.02,42.970001,43.580002,43.196987,722800.0,2022-01-12
43.790001,45.240002,43.790001,44.880001,44.485558,560800.0,2022-01-13
44.630001,45.439999,44.27,45.169998,44.773006,488300.0,2022-01-14
44.959999,45.169998,43.259998,43.32,42.939266,385700.0,2022-01-18
43.240002,43.639999,42.5,42.709999,42.334629,456000.0,2022-01-19
42.919998,43.689999,41.939999,41.990002,41.62096,397400.0,2022-01-20
41.939999,42.799999,41.27,41.27,40.907284,512100.0,2022-01-21
40.73,42.48,40.509998,42.259998,41.888584,587000.0,2022-01-24
41.630001,43.049999,41.52,42.48,42.106651,606200.0,2022-01-25
42.66,42.759998,40.75,41.169998,40.808163,637000.0,2022-01-26
41.18,41.900002,40.099998,40.419998,40.064754,531300.0,2022-01-27
40.389999,40.720001,39.52,40.709999,40.352203,474600.0,2022-01-28
40.369999,41.84,40.369999,41.689999,41.323593,1871700.0,2022-01-31
41.349998,42.169998,41.09,42.09,41.720081,406400.0,2022-02-01
41.790001,42.0,41.34,41.82,41.45245,407700.0,2022-02-02
41.709999,42.02,41.18,41.330002,40.966759,263400.0,2022-02-03
40.950001,41.48,40.23,40.419998,40.064754,284400.0,2022-02-04
40.380001,40.619999,40.130001,40.240002,39.886337,301300.0,2022-02-07
40.5,41.580002,40.419998,41.5,41.135262,283700.0,2022-02-08
41.610001,42.439999,41.610001,41.779999,41.412804,306300.0,2022-02-09
41.130001,41.68,40.57,40.709999,40.352203,348600.0,2022-02-10
40.98,41.599998,40.560001,41.259998,40.897369,349400.0,2022-02-11
41.560001,42.32,41.459999,41.860001,41.492104,504300.0,2022-02-14
42.290001,43.009998,42.290001,42.77,42.394104,260400.0,2022-02-15
42.470001,43.119999,42.470001,42.91,42.532871,282800.0,2022-02-16
42.490002,43.119999,42.400002,43.07,42.691463,340200.0,2022-02-17
43.060001,43.959999,42.689999,43.439999,43.058208,694700.0,2022-02-18
43.349998,43.599998,42.52,42.709999,42.334629,314700.0,2022-02-22
42.73,43.540001,42.73,42.98,42.602253,296800.0,2022-02-23
42.189999,43.619999,41.98,43.48,43.097862,428100.0,2022-02-24
43.470001,44.619999,43.470001,44.549999,44.158455,230600.0,2022-02-25
44.02,45.060001,43.630001,44.830002,44.436001,547900.0,2022-02-28
44.459999,45.200001,44.080002,44.93,44.535122,407300.0,2022-03-01
44.939999,45.970001,44.91,45.599998,45.199226,264100.0,2022-03-02
45.599998,45.939999,45.18,45.860001,45.456947,295200.0,2022-03-03
45.540001,46.599998,45.259998,46.59,46.180527,467700.0,2022-03-04
46.799999,46.799999,45.310001,45.490002,45.090195,384300.0,2022-03-07
45.279999,45.59,44.009998,44.07,43.682674,520600.0,2022-03-08
47.040001,47.860001,45.720001,46.790001,46.378773,755200.0,2022-03-09
46.5,46.950001,45.57,46.049999,45.645271,402100.0,2022-03-10
46.27,46.419998,45.560001,46.0,45.595715,292900.0,2022-03-11
46.259998,46.43,45.41,46.02,45.61554,375600.0,2022-03-14
45.939999,46.279999,43.959999,44.619999,44.22784,403500.0,2022-03-15
44.740002,45.75,44.48,45.669998,45.268612,426500.0,2022-03-16
45.349998,46.400002,45.349998,45.849998,45.447033,266200.0,2022-03-17
45.790001,45.900002,43.630001,44.57,44.17828,1411100.0,2022-03-18
44.540001,45.68,44.540001,45.540001,45.139759,485200.0,2022-03-21
45.799999,46.150002,44.950001,45.240002,44.842396,412200.0,2022-03-22
45.16,45.16,44.650002,44.66,44.26749,243900.0,2022-03-23
44.82,44.84,44.400002,44.610001,44.217934,178300.0,2022-03-24
44.709999,45.790001,44.68,44.990002,44.594593,346300.0,2022-03-25
44.860001,45.080002,44.220001,44.490002,44.098988,228300.0,2022-03-28
44.830002,45.720001,44.549999,45.52,45.119934,488600.0,2022-03-29
46.0,46.0,45.299999,45.799999,45.397469,477200.0,2022-03-30
45.66,46.220001,45.639999,46.040001,45.635361,395500.0,2022-03-31
46.09,46.459999,45.23,46.380001,45.972374,928900.0,2022-04-01
46.150002,46.360001,45.25,46.099998,45.694836,371500.0,2022-04-04
46.110001,46.689999,45.66,45.939999,45.53624,334800.0,2022-04-05
45.41,46.810001,45.299999,46.41,46.198208,457700.0,2022-04-06
46.549999,48.07,45.720001,47.68,47.462414,534400.0,2022-04-07
47.529999,48.849998,47.509998,48.400002,48.179127,639500.0,2022-04-08
48.400002,49.68,47.09,47.169998,46.954739,823000.0,2022-04-11
47.310001,48.07,47.27,47.5,47.283234,280100.0,2022-04-12
47.66,48.830002,47.419998,48.57,48.348351,269200.0,2022-04-13
48.709999,49.75,48.599998,49.299999,49.07502,497200.0,2022-04-14
49.16,50.419998,48.830002,50.09,49.861412,498900.0,2022-04-18
50.279999,51.099998,50.209999,50.650002,50.418861,392700.0,2022-04-19
50.98,53.099998,50.98,52.779999,52.539135,789600.0,2022-04-20
53.299999,53.400002,52.48,52.759998,52.519226,619100.0,2022-04-21
52.490002,54.0,52.049999,53.540001,53.29567,738700.0,2022-04-22
53.299999,53.34,49.369999,49.639999,49.413467,1017900.0,2022-04-25
49.380001,49.43,47.5,47.91,47.69136,707200.0,2022-04-26
48.02,49.209999,47.349998,48.310001,48.089539,554000.0,2022-04-27
48.650002,48.689999,47.290001,48.169998,47.950172,596500.0,2022-04-28
48.099998,49.23,47.389999,48.27,48.049721,2698100.0,2022-04-29
48.130001,48.650002,47.110001,47.970001,47.751091,631100.0,2022-05-02
48.07,48.740002,47.150002,47.310001,47.094101,465500.0,2022-05-03
47.490002,48.52,47.18,48.450001,48.228897,591900.0,2022-05-04
48.0,48.27,46.07,46.619999,46.407249,392000.0,2022-05-05
46.740002,46.740002,45.52,46.189999,45.97921,528400.0,2022-05-06
45.639999,46.380001,45.360001,45.580002,45.371998,493700.0,2022-05-09
45.869999,46.0,44.189999,44.560001,44.356651,614700.0,2022-05-10
44.759998,45.490002,44.119999,44.209999,44.008247,351800.0,2022-05-11
44.080002,44.25,42.91,43.619999,43.42094,464500.0,2022-05-12
43.490002,44.490002,43.209999,44.290001,44.087883,523000.0,2022-05-13
44.200001,45.349998,43.75,45.189999,44.983772,729000.0,2022-05-16
46.049999,47.080002,45.720001,46.950001,46.735744,839700.0,2022-05-17
46.93,46.939999,45.290001,45.610001,45.401859,559300.0,2022-05-18
45.59,45.77,44.959999,45.150002,44.943958,540500.0,2022-05-19
45.380001,45.52,44.310001,45.450001,45.242588,507700.0,2022-05-20
46.23,46.389999,45.540001,45.93,45.720398,461100.0,2022-05-23
45.799999,46.77,45.119999,46.57,46.357475,331400.0,2022-05-24
46.560001,47.849998,46.560001,47.220001,47.004513,251600.0,2022-05-25
47.650002,48.43,47.650002,47.799999,47.581863,252600.0,2022-05-26
48.189999,49.02,48.189999,48.77,48.54744,206800.0,2022-05-27
48.009998,48.599998,47.400002,48.349998,48.129353,309300.0,2022-05-31
48.0,48.810001,47.560001,48.299999,48.079582,308900.0,2022-06-01
48.32,49.0,48.049999,49.0,48.776386,307700.0,2022-06-02
48.919998,49.66,48.529999,49.619999,49.393559,316200.0,2022-06-03
49.939999,50.470001,49.470001,50.34,50.110271,292600.0,2022-06-06
49.610001,50.16,49.490002,50.110001,49.881325,297100.0,2022-06-07
49.98,50.009998,49.099998,49.25,49.025246,326300.0,2022-06-08
46.75,47.48,43.009998,43.48,43.281578,1698500.0,2022-06-09
42.830002,43.279999,41.419998,41.98,41.788422,874300.0,2022-06-10
40.709999,41.549999,38.540001,38.900002,38.722481,882200.0,2022-06-13
38.599998,39.07,38.080002,38.419998,38.244667,505700.0,2022-06-14
39.900002,40.919998,39.509998,40.549999,40.364948,599300.0,2022-06-15
39.279999,39.810001,38.240002,38.369999,38.194897,586700.0,2022-06-16
38.52,39.529999,38.220001,39.009998,38.831974,811800.0,2022-06-17
41.549999,41.549999,39.77,41.150002,40.962212,632300.0,2022-06-21
40.580002,43.25,40.580002,42.639999,42.445412,723600.0,2022-06-22
42.389999,42.619999,41.740002,42.029999,41.838196,606200.0,2022-06-23
42.189999,44.200001,41.990002,44.189999,43.988338,1047200.0,2022-06-24
44.380001,44.73,43.43,43.610001,43.410984,508600.0,2022-06-27
43.549999,44.540001,42.93,42.990002,42.793816,685800.0,2022-06-28
43.029999,43.099998,42.029999,42.419998,42.226414,278500.0,2022-06-29
41.939999,43.540001,41.869999,43.419998,43.221851,373600.0,2022-06-30
43.169998,43.880001,42.689999,43.200001,43.002857,283200.0,2022-07-01
42.32,42.740002,41.52,42.73,42.535,393400.0,2022-07-05
42.220001,42.630001,41.59,42.200001,42.200001,307400.0,2022-07-06
42.919998,43.849998,42.919998,43.330002,43.330002,250200.0,2022-07-07
43.139999,43.439999,42.75,43.130001,43.130001,191100.0,2022-07-08
